,symbol,prot_seq
0,AGTR1,MILNSSTEDGIKRIQDDCPKAGRHNYIFVMIPTLYSIIFVVGIFGNSLVVIVIYFYMKLKTVASVFLLNLALADLCFLLTLPLWAVYTAMEYRWPFGNYLCKIASASVSFNLYASVFLLTCLSIDRYLAIVHPMKSRLRRTMLVAKVTCIIIWLLAGLASLPAIIHRNVFFIENTNITVCAFHYESQNSTLPIGLGLTKNILGFLFPFLIILTSYTLIWKALKKAYEIQKNKPRNDDIFKIIMAIVLFFFFSWIPHQIFTFLDVLIQLGIIRDCRIADIVDTAMPITICIAYFNNCLNPLFYGFLGKKFKRYFLQLLKYIPPKAKSHSNLSTKMSTLSYRPSDNVSSSTKKPAPCFEVE
1,AGTR2,MKGNSTLATTSKNITSGLHFGLVNISGNNESTLNCSQKPSDKHLDAIPILYYIIFVIGFLVNIVVVTLFCCQKGPKKVSSIYIFNLAVADLLLLATLPLWATYYSYRYDWLFGPVMCKVFGSFLTLNMFASIFFITCMSVDRYQSVIYPFLSQRRNPWQASYIVPLVWCMACLSSLPTFYFRDVRTIEYLGVNACIMAFPPEKYAQWSAGIALMKNILGFIIPLIFIATCYFGIRKHLLKTNSYGKNRITRDQVLKMAAAVVLAFIICWLPFHVLTFLDALAWMGVINSCEVIAVIDLALPFAILLGFTNSCVNPFLYCFVGNRFQQKLRSVFRVPITWLQGKRESMSCRKSSSLREMETFVS
2,APJ,MEEGGDFDNYYGADNQSECEYTDWKSSGALIPAIYMLVFLLGTTGNGLVLWTVFRSSREKRRSADIFIASLAVADLTFVVTLPLWATYTYRDYDWPFGTFFCKLSSYLIFVNMYASVFCLTGLSFDRYLAIVRPVANARLRLRVSGAVATAVLWVLAALLAMPVMVLRTTGDLENTTKVQCYMDYSMVATVSSEWAWEVGLGVSSTTVGFVVPFTIMLTCYFFIAQTIAGHFRKERIEGLRKRRRLLSIIVVLVVTFALCWMPYHLVKTLYMLGSLLHWPCDFDLFLMNIFPYCTCISYVNSCLNPFLYAFFDPRFRQACTSMLCCGQSRCAGTSHSSSGEKSASYSSGHSQGPGPNMGKGGEQMHEKSIPYSQETLVVD
3,NMBR,MPSKSLSNLSVTTGANESGSVPEGWERDFLPASDGTTTELVIRCVIPSLYLLIITVGLLGNIMLVKIFITNSAMRSVPNIFISNLAAGDLLLLLTCVPVDASRYFFDEWMFGKVGCKLIPVIQLTSVGVSVFTLTALSADRYRAIVNPMDMQTSGALLRTCVKAMGIWVVSVLLAVPEAVFSEVARISSLDNSSFTACIPYPQTDELHPKIHSVLIFLVYFLIPLAIISIYYYHIAKTLIKSAHNLPGEYNEHTKKQMETRKRLAKIVLVFVGCFIFCWFPNHILYMYRSFNYNEIDPSLGHMIVTLVARVLSFGNSCVNPFALYLLSESFRRHFNSQLCCGRKSYQERGTSYLLSSSAVRMTSLKSNAKNMVTNSVLLNGHSMKQEMAL
4,GRPR,MALNDCFLLNLEVDHFMHCNISSHSADLPVNDDWSHPGILYVIPAVYGVIILIGLIGNITLIKIFCTVKSMRNVPNLFISSLALGDLLLLITCAPVDASRYLADRWLFGRIGCKLIPFIQLTSVGVSVFTLTALSADRYKAIVRPMDIQASHALMKICLKAAFIWIISMLLAIPEAVFSDLHPFHEESTNQTFISCAPYPHSNELHPKIHSMASFLVFYVIPLSIISVYYYFIAKNLIQSAYNLPVEGNIHVKKQIESRKRLAKTVLVFVGLFAFCWLPNHVIYLYRSYHYSEVDTSMLHFVTSICARLLAFTNSCVNPFALYLLSKSFRKQFNTQLLCCQPGLIIRSHSTGRSTTCMTSLKSTNPSVATFSLINGNICHERYV
5,BRS3,MAQRQPHSPNQTLISITNDTESSSSVVSNDNTNKGWSGDNSPGIEALCAIYITYAVIISVGILGNAILIKVFFKTKSMQTVPNIFITSLAFGDLLLLLTCVPVDATHYLAEGWLFGRIGCKVLSFIRLTSVGVSVFTLTILSADRYKAVVKPLERQPSNAILKTCVKAGCVWIVSMIFALPEAIFSNVYTFRDPNKNMTFESCTSYPVSKKLLQEIHSLLCFLVFYIIPLSIISVYYSLIARTLYKSTLNIPTEEQSHARKQIESRKRIARTVLVLVALFALCWLPNHLLYLYHSFTSQTYVDPSAMHFIFTIFSRVLAFSNSCVNPFALYWLSKSFQKHFKAQLFCCKAERPEPPVADTSLTTLAVMGTVPGTGSIQMSEISVTSFTGCSVKQAEDRF
6,BKRB1,MASSWPPLELQSSNQSQLFPQNATACDNAPEAWDLLHRVLPTFIISICFFGLLGNLFVLLVFLLPRRQLNVAEIYLANLAASDLVFVLGLPFWAENIWNQFNWPFGALLCRVINGVIKANLFISIFLVVAISQDRYRVLVHPMASRRQQRRRQARVTCVLIWVVGGLLSIPTFLLRSIQAVPDLNITACILLLPHEAWHFARIVELNILGFLLPLAAIVFFNYHILASLRTREEVSRTRCGGRKDSKTTALILTLVVAFLVCWAPYHFFAFLEFLFQVQAVRGCFWEDFIDLGLQLANFFAFTNSSLNPVIYVFVGRLFRTKVWELYKQCTPKSLAPISSSHRKEIFQLFWRN
7,BKRB2,MFSPWKISMFLSVREDSVPTTASFSADMLNVTLQGPTLNGTFAQSKCPQVEWLGWLNTIQPPFLWVLFVLATLENIFVLSVFCLHKSSCTVAEIYLGNLAAADLILACGLPFWAITISNNFDWLFGETLCRVVNAIISMNLYSSICFLMLVSIDRYLALVKTMSMGRMRGVRWAKLYSLVIWGCTLLLSSPMLVFRTMKEYSDEGHNVTACVISYPSLIWEVFTNMLLNVVGFLLPLSVITFCTMQIMQVLRNNEMQKFKEIQTERRATVLVLVVLLLFIICWLPFQISTFLDTLHRLGILSSCQDERIIDVITQIASFMAYSNSCLNPLVYVIVGKRFRKKSWEVYQGVCQKGGCRSEPIQMENSMGTLRTSISVERQIHKLQDWAGSRQ
8,CCKAR,MDVVDSLLVNGSNITPPCELGLENETLFCLDQPRPSKEWQPAVQILLYSLIFLLSVLGNTLVITVLIRNKRMRTVTNIFLLSLAVSDLMLCLFCMPFNLIPNLLKDFIFGSAVCKTTTYFMGTSVSVSTFNLVAISLERYGAICKPLQSRVWQTKSHALKVIAATWCLSFTIMTPYPIYSNLVPFTKNNNQTANMCRFLLPNDVMQQSWHTFLLLILFLIPGIVMMVAYGLISLELYQGIKFEASQKKSAKERKPSTTSSGKYEDSDGCYLQKTRPPRKLELRQLSTGSSSRANRIRSNSSAANLMAKKRVIRMLIVIVVLFFLCWMPIFSANAWRAYDTASAERRLSGTPISFILLLSYTSSCVNPIIYCFMNKRFRLGFMATFPCCPNPGPPGARGEVGEEEEGGTTGASLSRFSYSHMSASVPPQ
9,GASR,MELLKLNRSVQGTGPGPGASLCRPGAPLLNSSSVGNLSCEPPRIRGAGTRELELAIRITLYAVIFLMSVGGNMLIIVVLGLSRRLRTVTNAFLLSLAVSDLLLAVACMPFTLLPNLMGTFIFGTVICKAVSYLMGVSVSVSTLSLVAIALERYSAICRPLQARVWQTRSHAARVIVATWLLSGLLMVPYPVYTVVQPVGPRVLQCVHRWPSARVRQTWSVLLLLLLFFIPGVVMAVAYGLISRELYLGLRFDGDSDSDSQSRVRNQGGLPGAVHQNGRCRPETGAVGEDSDGCYVQLPRSRPALELTALTAPGPGSGSRPTQAKLLAKKRVVRMLLVIVVLFFLCWLPVYSANTWRAFDGPGAHRALSGAPISFIHLLSYASACVNPLVYCFMHRRFRQACLETCARCCPRPPRARPRALPDEDPPTPSIASLSRLSYTTISTLGPG
10,C3AR,MASFSAETNSTDLLSQPWNEPPVILSMVILSLTFLLGLPGNGLVLWVAGLKMQRTVNTIWFLHLTLADLLCCLSLPFSLAHLALQGQWPYGRFLCKLIPSIIVLNMFASVFLLTAISLDRCLVVFKPIWCQNHRNVGMACSICGCIWVVAFVMCIPVFVYREIFTTDNHNRCGYKFGLSSSLDYPDFYGDPLENRSLENIVQPPGEMNDRLDPSSFQTNDHPWTVPTVFQPQTFQRPSADSLPRGSARLTSQNLYSNVFKPADVVSPKIPSGFPIEDHETSPLDNSDAFLSTHLKLFPSASSNSFYESELPQGFQDYYNLGQFTDDDQVPTPLVAITITRLVVGFLLPSVIMIACYSFIVFRMQRGRFAKSQSKTFRVAVVVVAVFLVCWTPYHIFGVLSLLTDPETPLGKTLMSWDHVCIALASANSCFNPFLYALLGKDFRKKARQSIQGILEAAFSEELTRSTHCPSNNVISERNSTTV
11,C5AR1,MDSFNYTTPDYGHYDDKDTLDLNTPVDKTSNTLRVPDILALVIFAVVFLVGVLGNALVVWVTAFEAKRTINAIWFLNLAVADFLSCLALPILFTSIVQHHHWPFGGAACSILPSLILLNMYASILLLATISADRFLLVFKPIWCQNFRGAGLAWIACAVAWGLALLLTIPSFLYRVVREEYFPPKVLCGVDYSHDKRRERAVAIVRLVLGFLWPLLTLTICYTFILLRTWSRRATRSTKTLKVVVAVVASFFIFWLPYQVTGIMMSFLEPSSPTFLLLKKLDSLCVSFAYINCCINPIIYVVAGQGFQGRLRKSLPSLLRNVLTEESVVRESKSFTRSTVDTMAQKTQAV
12,C5AR2,MGNDSVSYEYGDYSDLSDRPVDCLDGACLAIDPLRVAPLPLYAAIFLVGVPGNAMVAWVAGKVARRRVGATWLLHLAVADLLCCLSLPILAVPIARGGHWPYGAVGCRALPSIILLTMYASVLLLAALSADLCFLALGPAWWSTVQRACGVQVACGAAWTLALLLTVPSAIYRRLHQEHFPARLQCVVDYGGSSSTENAVTAIRFLFGFLGPLVAVASCHSALLCWAARRCRPLGTAIVVGFFVCWAPYHLLGLVLTVAAPNSALLARALRAEPLIVGLALAHSCLNPMLFLYFGRAQLRRSLPAACHWALRESQGQDESVDSKKSTSHDLVSEMEV
13,EDNRA,METLCLRASFWLALVGCVISDNPERYSTNLSNHVDDFTTFRGTELSFLVTTHQPTNLVLPSNGSMHNYCPQQTKITSAFKYINTVISCTIFIVGMVGNATLLRIIYQNKCMRNGPNALIASLALGDLIYVVIDLPINVFKLLAGRWPFDHNDFGVFLCKLFPFLQKSSVGITVLNLCALSVDRYRAVASWSRVQGIGIPLVTAIEIVSIWILSFILAIPEAIGFVMVPFEYRGEQHKTCMLNATSKFMEFYQDVKDWWLFGFYFCMPLVCTAIFYTLMTCEMLNRRNGSLRIALSEHLKQRREVAKTVFCLVVIFALCWFPLHLSRILKKTVYNEMDKNRCELLSFLLLMDYIGINLATMNSCINPIALYFVSKKFKNCFQSCLCCCCYQSKSLMTSVPMNGTSIQWKNHDQNNHNTDRSSHKDSMN
14,EDNRB,MQPPPSLCGRALVALVLACGLSRIWGEERGFPPDRATPLLQTAEIMTPPTKTLWPKGSNASLARSLAPAEVPKGDRTAGSPPRTISPPPCQGPIEIKETFKYINTVVSCLVFVLGIIGNSTLLRIIYKNKCMRNGPNILIASLALGDLLHIVIDIPINVYKLLAEDWPFGAEMCKLVPFIQKASVGITVLSLCALSIDRYRAVASWSRIKGIGVPKWTAVEIVLIWVVSVVLAVPEAIGFDIITMDYKGSYLRICLLHPVQKTAFMQFYKTAKDWWLFSFYFCLPLAITAFFYTLMTCEMLRKKSGMQIALNDHLKQRREVAKTVFCLVLVFALCWLPLHLSRILKLTLYNQNDPNRCELLSFLLVLDYIGINMASLNSCINPIALYLVSKRFKNCFKSCLCCWCQSFEEKQSLEEKQSCLKFKANDHGYDNFRSSNKYSSS
15,FPR1,METNSSLPTNISGGTPAVSAGYLFLDIITYLVFAVTFVLGVLGNGLVIWVAGFRMTHTVTTISYLNLAVADFCFTSTLPFFMVRKAMGGHWPFGWFLCKFVFTIVDINLFGSVFLIALIALDRCVCVLHPVWTQNHRTVSLAKKVIIGPWVMALLLTLPVIIRVTTVPGKTGTVACTFNFSPWTNDPKERINVAVAMLTVRGIIRFIIGFSAPMSIVAVSYGLIATKIHKQGLIKSSRPLRVLSFVAAAFFLCWSPYQVVALIATVRIRELLQGMYKEIGIAVDVTSALAFFNSCLNPMLYVFMGQDFRERLIHALPASLERALTEDSTQTSDTATNSTLPSAEVELQAK
16,FPR2,METNFSTPLNEYEEVSYESAGYTVLRILPLVVLGVTFVLGVLGNGLVIWVAGFRMTRTVTTICYLNLALADFSFTATLPFLIVSMAMGEKWPFGWFLCKLIHIVVDINLFGSVFLIGFIALDRCICVLHPVWAQNHRTVSLAMKVIVGPWILALVLTLPVFLFLTTVTIPNGDTYCTFNFASWGGTPEERLKVAITMLTARGIIRFVIGFSLPMSIVAICYGLIAAKIHKKGMIKSSRPLRVLTAVVASFFICWFPFQLVALLGTVWLKEMLFYGKYKIIDILVNPTSSLAFFNSCLNPMLYVFVGQDFRERLIHSLPTSLERALSEDSAPTNDTAANSASPPAETELQAM
17,FPR3,METNFSIPLNETEEVLPEPAGHTVLWIFSLLVHGVTFVFGVLGNGLVIWVAGFRMTRTVNTICYLNLALADFSFSAILPFRMVSVAMREKWPFGSFLCKLVHVMIDINLFVSVYLITIIALDRCICVLHPAWAQNHRTMSLAKRVMTGLWIFTIVLTLPNFIFWTTISTTNGDTYCIFNFAFWGDTAVERLNVFITMAKVFLILHFIIGFSVPMSIITVCYGIIAAKIHRNHMIKSSRPLRVFAAVVASFFICWFPYELIGILMAVWLKEMLLNGKYKIILVLINPTSSLAFFNSCLNPILYVFMGRNFQERLIRSLPTSLERALTEVPDSAQTSNTDTTSASPPEETELQAM
18,GALR1,MELAVGNLSEGNASWPEPPAPEPGPLFGIGVENFVTLVVFGLIFALGVLGNSLVITVLARSKPGKPRSTTNLFILNLSIADLAYLLFCIPFQATVYALPTWVLGAFICKFIHYFFTVSMLVSIFTLAAMSVDRYVAIVHSRRSSSLRVSRNALLGVGCIWALSIAMASPVAYHQGLFHPRASNQTFCWEQWPDPRHKKAYVVCTFVFGYLLPLLLICFCYAKVLNHLHKKLKNMSKKSEASKKKTAQTVLVVVVVFGISWLPHHIIHLWAEFGVFPLTPASFLFRITAHCLAYSNSSVNPIIYAFLSENFRKAYKQVFKCHIRKDSHLSDTKESKSRIDTPPSTNCTHV
19,GALR2,MNVSGCPGAGNASQAGGGGGWHPEAVIVPLLFALIFLVGTVGNTLVLAVLLRGGQAVSTTNLFILNLGVADLCFILCCVPFQATIYTLDGWVFGSLLCKAVHFLIFLTMHASSFTLAAVSLDRYLAIRYPLHSRELRTPRNALAAIGLIWGLSLLFSGPYLSYYRQSQLANLTVCHPAWSAPRRRAMDICTFVFSYLLPVLVLGLTYARTLRYLWRAVDPVAAGSGARRAKRKVTRMILIVAALFCLCWMPHHALILCVWFGQFPLTRATYALRILSHLVSYANSCVNPIVYALVSKHFRKGFRTICAGLLGRAPGRASGRVCAAARGTHSGSVLERESSDLLHMSEAAGALRPCPGASQPCILEPCPGPSWQGPKAGDSILTVDVA
20,GALR3,MADAQNISLDSPGSVGAVAVPVVFALIFLLGTVGNGLVLAVLLQPGPSAWQEPGSTTDLFILNLAVADLCFILCCVPFQATIYTLDAWLFGALVCKAVHLLIYLTMYASSFTLAAVSVDRYLAVRHPLRSRALRTPRNARAAVGLVWLLAALFSAPYLSYYGTVRYGALELCVPAWEDARRRALDVATFAAGYLLPVAVVSLAYGRTLRFLWAAVGPAGAAAAEARRRATGRAGRAMLAVAALYALCWGPHHALILCFWYGRFAFSPATYACRLASHCLAYANSCLNPLVYALASRHFRARFRRLWPCGRRRRHRARRALRRVRPASSGPPGCPGDARPSGRLLAGGGQGPEPREGPVHGGEAARGPE
21,GHSR,MWNATPSEEPGFNLTLADLDWDASPGNDSLGDELLQLFPAPLLAGVTATCVALFVVGIAGNLLTMLVVSRFRELRTTTNLYLSSMAFSDLLIFLCMPLDLVRLWQYRPWNFGDLLCKLFQFVSESCTYATVLTITALSVERYFAICFPLRAKVVVTKGRVKLVIFVIWAVAFCSAGPIFVLVGVEHENGTDPWDTNECRPTEFAVRSGLLTVMVWVSSIFFFLPVFCLTVLYSLIGRKLWRRRRGDAVVGASLRDQNHKQTVKMLAVVVFAFILCWLPFHVGRYLFSKSFEPGSLEIAQISQYCNLVSFVLFYLSAAINPILYNIMSKKYRVAVFRLLGFEPFSQRKLSTLKDESSRAWTESSINT
22,GNRHR,MANSASPEQNQNHCSAINNSIPLMQGNLPTLTLSGKIRVTVTFFLFLLSATFNASFLLKLQKWTQKKEKGKKLSRMKLLLKHLTLANLLETLIVMPLDGMWNITVQWYAGELLCKVLSYLKLFSMYAPAFMMVVISLDRSLAITRPLALKSNSKVGQSMVGLAWILSSVFAGPQLYIFRMIHLADSSGQTKVFSQCVTHCSFSQWWHQAFYNFFTFSCLFIIPLFIMLICNAKIIFTLTRVLHQDPHELQLNQSKNNIPRARLKTLKMTVAFATSFTVCWTPYYVLGIWYWFDPEMLNRLSDPVNHFFFLFAFLNPCFDPLIYGYFSL
23,KISSR,MHTVATSGPNASWGAPANASGCPGCGANASDGPVPSPRAVDAWLVPLFFAALMLLGLVGNSLVIYVICRHKPMRTVTNFYIANLAATDVTFLLCCVPFTALLYPLPGWVLGDFMCKFVNYIQQVSVQATCATLTAMSVDRWYVTVFPLRALHRRTPRLALAVSLSIWVGSAAVSAPVLALHRLSPGPRAYCSEAFPSRALERAFALYNLLALYLLPLLATCACYAAMLRHLGRVAVRPAPADSALQGQVLAERAGAVRAKVSRLVAAVVLLFAACWGPIQLFLVLQALGPAGSWHPRSYAAYALKTWAHCMSYSNSALNPLLYAFLGSHFRQAFRRVCPCAPRRPRRPRRPGPSDPAAPHAELLRLGSHPAPARAQKPGSSGLAARGLCVLGEDNAPL
24,MCHR1,MSVGAMKKGVGRAVGLGGGSGCQATEEDPLPNCGACAPGQGGRRWRLPQPAWVEGSSARLWEQATGTGWMDLEASLLPTGPNASNTSDGPDNLTSAGSPPRTGSISYINIIMPSVFGTICLLGIIGNSTVIFAVVKKSKLHWCNNVPDIFIINLSVVDLLFLLGMPFMIHQLMGNGVWHFGETMCTLITAMDANSQFTSTYILTAMAIDRYLATVHPISSTKFRKPSVATLVICLLWALSFISITPVWLYARLIPFPGGAVGCGIRLPNPDTDLYWFTLYQFFLAFALPFVVITAAYVRILQRMTSSVAPASQRSIRLRTKRVTRTAIAICLVFFVCWAPYYVLQLTQLSISRPTLTFVYLYNAAISLGYANSCLNPFVYIVLCETFRKRLVLSVKPAAQGQLRAVSNAQTADEERTESKGT
25,MCHR2,MNPFHASCWNTSAELLNKSWNKEFAYQTASVVDTVILPSMIGIICSTGLVGNILIVFTIIRSRKKTVPDIYICNLAVADLVHIVGMPFLIHQWARGGEWVFGGPLCTIITSLDTCNQFACSAIMTVMSVDRYFALVQPFRLTRWRTRYKTIRINLGLWAASFILALPVWVYSKVIKFKDGVESCAFDLTSPDDVLWYTLYLTITTFFFPLPLILVCYILILCYTWEMYQQNKDARCCNPSVPKQRVMKLTKMVLVLVVVFILSAAPYHVIQLVNLQMEQPTLAFYVGYYLSICLSYASSSINPFLYILLSGNFQKRLPQIQRRATEKEINNMGNTLKSHF
26,MSHR,MAVQGSQRRLLGSLNSTPTAIPQLGLAANQTGARCLEVSISDGLFLSLGLVSLVENALVVATIAKNRNLHSPMYCFICCLALSDLLVSGSNVLETAVILLLEAGALVARAAVLQQLDNVIDVITCSSMLSSLCFLGAIAVDRYISIFYALRYHSIVTLPRARRAVAAIWVASVVFSTLFIAYYDHVAVLLCLVVFFLAMLVLMAVLYVHMLARACQHAQGIARLHKRQRPVHQGFGLKGAVTLTILLGIFFLCWGPFFLHLTLIVLCPEHPTCGCIFKNFNLFLALIICNAIIDPLIYAFHSQELRRTLKEVLTCSW
27,ACTHR,MKHIINSYENINNTARNNSDCPRVVLPEEIFFTISIVGVLENLIVLLAVFKNKNLQAPMYFFICSLAISDMLGSLYKILENILIILRNMGYLKPRGSFETTADDIIDSLFVLSLLGSIFSLSVIAADRYITIFHALRYHSIVTMRRTVVVLTVIWTFCTGTGITMVIFSHHVPTVITFTSLFPLMLVFILCLYVHMFLLARSHTRKISTLPRANMKGAITLTILLGVFIFCWAPFVLHVLLMTFCPSNPYCACYMSLFQVNGMLIMCNAVIDPFIYAFRSPELRDAFKKMIFCSRYW
28,MC3R,MNASCCLPSVQPTLPNGSEHLQAPFFSNQSSSAFCEQVFIKPEVFLSLGIVSLLENILVILAVVRNGNLHSPMYFFLCSLAVADMLVSVSNALETIMIAIVHSDYLTFEDQFIQHMDNIFDSMICISLVASICNLLAIAVDRYVTIFYALRYHSIMTVRKALTLIVAIWVCCGVCGVVFIVYSESKMVIVCLITMFFAMMLLMGTLYVHMFLFARLHVKRIAALPPADGVAPQQHSCMKGAVTITILLGVFIFCWAPFFLHLVLIITCPTNPYCICYTAHFNTYLVLIMCNSVIDPLIYAFRSLELRNTFREILCGCNGMNLG
29,MC4R,MVNSTHRGMHTSLHLWNRSSYRLHSNASESLGKGYSDGGCYEQLFVSPEVFVTLGVISLLENILVIVAIAKNKNLHSPMYFFICSLAVADMLVSVSNGSETIVITLLNSTDTDAQSFTVNIDNVIDSVICSSLLASICSLLSIAVDRYFTIFYALQYHNIMTVKRVGIIISCIWAACTVSGILFIIYSDSSAVIICLITMFFTMLALMASLYVHMFLMARLHIKRIAVLPGTGAIRQGANMKGAITLTILIGVFVVCWAPFFLHLIFYISCPQNPYCVCFMSHFNLYLILIMCNSIIDPLIYALRSQELRKTFKEIICCYPLGGLCDLSSRY
30,MC5R,MNSSFHLHFLDLNLNATEGNLSGPNVKNKSSPCEDMGIAVEVFLTLGVISLLENILVIGAIVKNKNLHSPMYFFVCSLAVADMLVSMSSAWETITIYLLNNKHLVIADAFVRHIDNVFDSMICISVVASMCSLLAIAVDRYVTIFYALRYHHIMTARRSGAIIAGIWAFCTGCGIVFILYSESTYVILCLISMFFAMLFLLVSLYIHMFLLARTHVKRIAALPGASSARQRTSMQGAVTVTMLLGVFTVCWAPFFLHLTLMLSCPQNLYCSRFMSHFNMYLILIMCNSVMDPLIYAFRSQEMRKTFKEIICCRGFRIACSFPRRD
31,MTLR,MGSPWNGSDGPEGAREPPWPALPPCDERRCSPFPLGALVPVTAVCLCLFVVGVSGNVVTVMLIGRYRDMRTTTNLYLGSMAVSDLLILLGLPFDLYRLWRSRPWVFGPLLCRLSLYVGEGCTYATLLHMTALSVERYLAICRPLRARVLVTRRRVRALIAVLWAVALLSAGPFLFLVGVEQDPGISVVPGLNGTARIASSPLASSPPLWLSRAPPPSPPSGPETAEAAALFSRECRPSPAQLGALRVMLWVTTAYFFLPFLCLSILYGLIGRELWSSRRPLRGPAASGRERGHRQTVRVLLVVVLAFIICWLPFHVGRIIYINTEDSRMMYFSQYFNIVALQLFYLSASINPILYNLISKKYRAAAFKLLLARKSRPRGFHRSRDTAGEVAGDTGGDTVGYTETSANVKTMG
32,NMUR1,MTPLCLNCSVLPGDLYPGGARNPMACNGSAARGHFDPEDLNLTDEALRLKYLGPQQTELFMPICATYLLIFVVGAVGNGLTCLVILRHKAMRTPTNYYLFSLAVSDLLVLLVGLPLELYEMWHNYPFLLGVGGCYFRTLLFEMVCLASVLNVTALSVERYVAVVHPLQARSMVTRAHVRRVLGAVWGLAMLCSLPNTSLHGIRQLHVPCRGPVPDSAVCMLVRPRALYNMVVQTTALLFFCLPMAIMSVLYLLIGLRLRRERLLLMQEAKGRGSAAARSRYTCRLQQHDRGRRQVTKMLFVLVVVFGICWAPFHADRVMWSVVSQWTDGLHLAFQHVHVISGIFFYLGSAANPVLYSLMSSRFRETFQEALCLGACCHRLRPRHSSHSLSRMTTGSTLCDVGSLGSWVHPLAGNDGPEAQQETDPS
33,NMUR2,MSGMEKLQNASWIYQQKLEDPFQKHLNSTEEYLAFLCGPRRSHFFLPVSVVYVPIFVVGVIGNVLVCLVILQHQAMKTPTNYYLFSLAVSDLLVLLLGMPLEVYEMWRNYPFLFGPVGCYFKTALFETVCFASILSITTVSVERYVAILHPFRAKLQSTRRRALRILGIVWGFSVLFSLPNTSIHGIKFHYFPNGSLVPGSATCTVIKPMWIYNFIIQVTSFLFYLLPMTVISVLYYLMALRLKKDKSLEADEGNANIQRPCRKSVNKMLFVLVLVFAICWAPFHIDRLFFSFVEEWSESLAAVFNLVHVVSGVFFYLSSAVNPIIYNLLSRRFQAAFQNVISSFHKQWHSQHDPQLPPAQRNIFLTECHFVELTEDIGPQFPCQSSMHNSHLPAALSSEQMSRTNYQSFHFNKT
34,NPFF1,MEGEPSQPPNSSWPLSQNGTNTEATPATNLTFSSYYQHTSPVAAMFIVAYALIFLLCMVGNTLVCFIVLKNRHMHTVTNMFILNLAVSDLLVGIFCMPTTLVDNLITGWPFDNATCKMSGLVQGMSVSASVFTLVAIAVERFRCIVHPFREKLTLRKALVTIAVIWALALLIMCPSAVTLTVTREEHHFMVDARNRSYPLYSCWEAWPEKGMRRVYTTVLFSHIYLAPLALIVVMYARIARKLCQAPGPAPGGEEAADPRASRRRARVVHMLVMVALFFTLSWLPLWALLLLIDYGQLSAPQLHLVTVYAFPFAHWLAFFNSSANPIIYGYFNENFRRGFQAAFRARLCPRPSGSHKEAYSERPGGLLHRRVFVVVRPSDSGLPSESGPSSGAPRPGRLPLRNGRVAHHGLPREGPGCSHLPLTIPAWDI
35,NPFF2,MNSFFGTPAASWCLLESDVSSAPDKEAGRERRALSVQQRGGPAWSGSLEWSRQSAGDRRRLGLSRQTAKSSWSRSRDRTCCCRRAWWILVPAADRARRERFIMNEKWDTNSSENWHPIWNVNDTKHHLYSDINITYVNYYLHQPQVAAIFIISYFLIFFLCMMGNTVVCFIVMRNKHMHTVTNLFILNLAISDLLVGIFCMPITLLDNIIAGWPFGNTMCKISGLVQGISVAASVFTLVAIAVDRFQCVVYPFKPKLTIKTAFVIIMIIWVLAITIMSPSAVMLHVQEEKYYRVRLNSQNKTSPVYWCREDWPNQEMRKIYTTVLFANIYLAPLSLIVIMYGRIGISLFRAAVPHTGRKNQEQWHVVSRKKQKIIKMLLIVALLFILSWLPLWTLMMLSDYADLSPNELQIINIYIYPFAHWLAFGNSSVNPIIYGFFNENFRRGFQEAFQLQLCQKRAKPMEAYALKAKSHVLINTSNQLVQESTFQNPHGETLLYRKSAEKPQQELVMEELKETTNSSEI
36,NPSR1,MPANFTEGSFDSSGTGQTLDSSPVACTETVTFTEVVEGKEWGSFYYSFKTEQLITLWVLFVFTIVGNSVVLFSTWRRKKKSRMTFFVTQLAITDSFTGLVNILTDINWRFTGDFTAPDLVCRVVRYLQVVLLYASTYVLVSLSIDRYHAIVYPMKFLQGEKQARVLIVIAWSLSFLFSIPTLIIFGKRTLSNGEVQCWALWPDDSYWTPYMTIVAFLVYFIPLTIISIMYGIVIRTIWIKSKTYETVISNCSDGKLCSSYNRGLISKAKIKAIKYSIIIILAFICCWSPYFLFDILDNFNLLPDTQERFYASVIIQNLPALNSAINPLIYCVFSSSISFPCREQRSQDSRMTFRERTERHEMQILSKPEFI
37,NPBW1,MDNASFSEPWPANASGPDPALSCSNASTLAPLPAPLAVAVPVVYAVICAVGLAGNSAVLYVLLRAPRMKTVTNLFILNLAIADELFTLVLPINIADFLLRQWPFGELMCKLIVAIDQYNTFSSLYFLTVMSADRYLVVLATAESRRVAGRTYSAARAVSLAVWGIVTLVVLPFAVFARLDDEQGRRQCVLVFPQPEAFWWRASRLYTLVLGFAIPVSTICVLYTTLLCRLHAMRLDSHAKALERAKKRVTFLVVAILAVCLLCWTPYHLSTVVALTTDLPQTPLVIAISYFITSLSYANSCLNPFLYAFLDASFRRNLRQLITCRAAA
38,NPBW2,MQAAGHPEPLDSRGSFSLPTMGANVSQDNGTGHNATFSEPLPFLYVLLPAVYSGICAVGLTGNTAVILVILRAPKMKTVTNVFILNLAVADGLFTLVLPVNIAEHLLQYWPFGELLCKLVLAVDHYNIFSSIYFLAVMSVDRYLVVLATVRSRHMPWRTYRGAKVASLCVWLGVTVLVLPFFSFAGVYSNELQVPSCGLSFPWPEQVWFKASRVYTLVLGFVLPVCTICVLYTDLLRRLRAVRLRSGAKALGKARRKVTVLVLVVLAVCLLCWTPFHLASVVALTTDLPQTPLVISMSYVITSLSYANSCLNPFLYAFLDDNFRKNFRSILRC
39,NPY1R,MNSTLFSQVENHSVHSNFSEKNAQLLAFENDDCHLPLAMIFTLALAYGAVIILGVSGNLALIIIILKQKEMRNVTNILIVNLSFSDLLVAIMCLPFTFVYTLMDHWVFGEAMCKLNPFVQCVSITVSIFSLVLIAVERHQLIINPRGWRPNNRHAYVGIAVIWVLAVASSLPFLIYQVMTDEPFQNVTLDAYKDKYVCFDQFPSDSHRLSYTTLLLVLQYFGPLCFIFICYFKIYIRLKRRNNMMDKMRDNKYRSSETKRINIMLLSIVVAFAVCWLPLTIFNTVFDWNHQIIATCNHNLLFLLCHLTAMISTCVNPIFYGFLNKNFQRDLQFFFNFCDFRSRDDDYETIAMSTMHTDVSKTSLKQASPVAFKKINNNDDNEKI
40,NPY2R,MGPIGAEADENQTVEEMKVEQYGPQTTPRGELVPDPEPELIDSTKLIEVQVVLILAYCSIILLGVIGNSLVIHVVIKFKSMRTVTNFFIANLAVADLLVNTLCLPFTLTYTLMGEWKMGPVLCHLVPYAQGLAVQVSTITLTVIALDRHRCIVYHLESKISKRISFLIIGLAWGISALLASPLAIFREYSLIEIIPDFEIVACTEKWPGEEKSIYGTVYSLSSLLILYVLPLGIISFSYTRIWSKLKNHVSPGAANDHYHQRRQKTTKMLVCVVVVFAVSWLPLHAFQLAVDIDSQVLDLKEYKLIFTVFHIIAMCSTFANPLLYGWMNSNYRKAFLSAFRCEQRLDAIHSEVSVTFKAKKNLEVRKNSGPNDSFTEATNV
41,NPY4R,MNTSHLLALLLPKSPQGENRSKPLGTPYNFSEHCQDSVDVMVFIVTSYSIETVVGVLGNLCLMCVTVRQKEKANVTNLLIANLAFSDFLMCLLCQPLTAVYTIMDYWIFGETLCKMSAFIQCMSVTVSILSLVLVALERHQLIINPTGWKPSISQAYLGIVLIWVIACVLSLPFLANSILENVFHKNHSKALEFLADKVVCTESWPLAHHRTIYTTFLLLFQYCLPLGFILVCYARIYRRLQRQGRVFHKGTYSLRAGHMKQVNVVLVVMVVAFAVLWLPLHVFNSLEDWHHEAIPICHGNLIFLVCHLLAMASTCVNPFIYGFLNTNFKKEIKALVLTCQQSAPLEESEHLPLSTVHTEVSKGSLRLSGRSNPI
42,NPY5R,MDLELDEYYNKTLATENNTAATRNSDFPVWDDYKSSVDDLQYFLIGLYTFVSLLGFMGNLLILMALMKKRNQKTTVNFLIGNLAFSDILVVLFCSPFTLTSVLLDQWMFGKVMCHIMPFLQCVSVLVSTLILISIAIVRYHMIKHPISNNLTANHGYFLIATVWTLGFAICSPLPVFHSLVELQETFGSALLSSRYLCVESWPSDSYRIAFTISLLLVQYILPLVCLTVSHTSVCRSISCGLSNKENRLEENEMINLTLHPSKKSGPQVKLSGSHKWSYSFIKKHRRRYSKKTACVLPAPERPSQENHSRILPENFGSVRSQLSSSSKFIPGVPTCFEIKPEENSDVHELRVKRSVTRIKKRSRSVFYRLTILILVFAVSWMPLHLFHVVTDFNDNLISNRHFKLVYCICHLLGMMSCCLNPILYGFLNNGIKADLVSLIHCLHM
43,NPY6R,MEVSLNHPASNTTSTKNNNSAFFYFESCQPPSPALLLLCIAYTVVLIVGLFGNLSLIIIIFKKQRKAQNFTSILIANLSLSDTLVCVMCIHFTIIYTLMDHWIFGDTMCRLTSYVQSVSISVSIFSLVFTAVERYQLIVNPRGWKPSVTHAYWGITLIWLFSLLLSIPFFLSYHLTDEPFRNLSLPTDLYTHQVACVENWPSKKDRLLFTTSLFLLQYFVPLGFILICYLKIVICLRRRNAKVDKKKENEGRLNENKRINTMLISIVVTFGACWLPRISSMSSLTGIMRC
44,NTR1,MRLNSSAPGTPGTPAADPFQRAQAGLEEALLAPGFGNASGNASERVLAAPSSELDVNTDIYSKVLVTAVYLALFVVGTVGNTVTAFTLARKKSLQSLQSTVHYHLGSLALSDLLTLLLAMPVELYNFIWVHHPWAFGDAGCRGYYFLRDACTYATALNVASLSVERYLAICHPFKAKTLMSRSRTKKFISAIWLASALLAVPMLFTMGEQNRSADGQHAGGLVCTPTIHTATVKVVIQVNTFMSFIFPMVVISVLNTIIANKLTVMVRQAAEQGQVCTVGGEHSTFSMAIEPGRVQALRHGVRVLRAVVIAFVVCWLPYHVRRLMFCYISDEQWTPFLYDFYHYFYMVTNALFYVSSTINPILYNLVSANFRHIFLATLACLCPVWRRRRKRPAFSRKADSVSSNHTLSSNATRETLY
45,NTR2,METSSPRPPRPSSNPGLSLDARLGVDTRLWAKVLFTALYALIWALGAAGNALSAHVVLKARAGRAGRLRHHVLSLALAGLLLLLVGVPVELYSFVWFHYPWVFGDLGCRGYYFVHELCAYATVLSVAGLSAERCLAVCQPLRARSLLTPRRTRWLVALSWAASLGLALPMAVIMGQKHELETADGEPEPASRVCTVLVSRTALQVFIQVNVLVSFVLPLALTAFLNGVTVSHLLALCSQVPSTSTPGSSTPSRLELLSEEGLLSFIVWKKTFIQGGQVSLVRHKDVRRIRSLQRSVQVLRAIVVMYVICWLPYHARRLMYCYVPDDAWTDPLYNFYHYFYMVTNTLFYVSSAVTPLLYNAVSSSFRKLFLEAVSSLCGEHHPMKRLPPKPQSPTLMDTASGFGDPPETRT
46,OPRD,MEPAPSAGAELQPPLFANASDAYPSACPSAGANASGPPGARSASSLALAIAITALYSAVCAVGLLGNVLVMFGIVRYTKMKTATNIYIFNLALADALATSTLPFQSAKYLMETWPFGELLCKAVLSIDYYNMFTSIFTLTMMSVDRYIAVCHPVKALDFRTPAKAKLINICIWVLASGVGVPIMVMAVTRPRDGAVVCMLQFPSPSWYWDTVTKICVFLFAFVVPILIITVCYGLMLLRLRSVRLLSGSKEKDRSLRRITRMVLVVVGAFVVCWAPIHIFVIVWTLVDIDRRDPLVVAALHLCIALGYANSSLNPVLYAFLDENFKRCFRQLCRKPCGRPDPSSFSRAREATARERVTACTPSDGPGGGAAA
47,OPRK,MDSPIQIFRGEPGPTCAPSACLPPNSSAWFPGWAEPDSNGSAGSEDAQLEPAHISPAIPVIITAVYSVVFVVGLVGNSLVMFVIIRYTKMKTATNIYIFNLALADALVTTTMPFQSTVYLMNSWPFGDVLCKIVISIDYYNMFTSIFTLTMMSVDRYIAVCHPVKALDFRTPLKAKIINICIWLLSSSVGISAIVLGGTKVREDVDVIECSLQFPDDDYSWWDLFMKICVFIFAFVIPVLIIIVCYTLMILRLKSVRLLSGSREKDRNLRRITRLVLVVVAVFVVCWTPIHIFILVEALGSTSHSTAALSSYYFCIALGYTNSSLNPILYAFLDENFKRCFRDFCFPLKMRMERQSTSRVRNTVQDPAYLRDIDGMNKPV
48,OPRM,MDSSAAPTNASNCTDALAYSSCSPAPSPGSWVNLSHLDGNLSDPCGPNRTDLGGRDSLCPPTGSPSMITAITIMALYSIVCVVGLFGNFLVMYVIVRYTKMKTATNIYIFNLALADALATSTLPFQSVNYLMGTWPFGTILCKIVISIDYYNMFTSIFTLCTMSVDRYIAVCHPVKALDFRTPRNAKIINVCNWILSSAIGLPVMFMATTKYRQGSIDCTLTFSHPTWYWENLLKICVFIFAFIMPVLIITVCYGLMILRLKSVRMLSGSKEKDRNLRRITRMVLVVVAVFIVCWTPIHIYVIIKALVTIPETTFQTVSWHFCIALGYTNSCLNPVLYAFLDENFKRCFREFCIPTSSNIEQQNSTRIRQNTRDHPSTANTVDRTNHQLENLEAETAPLP
49,OPRX,MEPLFPAPFWEVIYGSHLQGNLSLLSPNHSLLPPHLLLNASHGAFLPLGLKVTIVGLYLAVCVGGLLGNCLVMYVILRHTKMKTATNIYIFNLALADTLVLLTLPFQGTDILLGFWPFGNALCKTVIAIDYYNMFTSTFTLTAMSVDRYVAICHPIRALDVRTSSKAQAVNVAIWALASVVGVPVAIMGSAQVEDEEIECLVEIPTPQDYWGPVFAICIFLFSFIVPVLVISVCYSLMIRRLRGVRLLSGSREKDRNLRRITRLVLVVVAVFVGCWTPVQVFVLAQGLGVQPSSETAVAILRFCTALGYVNSCLNPILYAFLDENFKACFRKFCCASALRRDVQVSDRVRSIAKDVALACKTSETVPRPA
50,OX1R,MEPSATPGAQMGVPPGSREPSPVPPDYEDEFLRYLWRDYLYPKQYEWVLIAAYVAVFVVALVGNTLVCLAVWRNHHMRTVTNYFIVNLSLADVLVTAICLPASLLVDITESWLFGHALCKVIPYLQAVSVSVAVLTLSFIALDRWYAICHPLLFKSTARRARGSILGIWAVSLAIMVPQAAVMECSSVLPELANRTRLFSVCDERWADDLYPKIYHSCFFIVTYLAPLGLMAMAYFQIFRKLWGRQIPGTTSALVRNWKRPSDQLGDLEQGLSGEPQPRARAFLAEVKQMRARRKTAKMLMVVLLVFALCYLPISVLNVLKRVFGMFRQASDREAVYACFTFSHWLVYANSAANPIIYNFLSGKFREQFKAAFSCCLPGLGPCGSLKAPSPRSSASHKSLSLQSRCSISKISEHVVLTSVTTVLP
51,OX2R,MSGTKLEDSPPCRNWSSASELNETQEPFLNPTDYDDEEFLRYLWREYLHPKEYEWVLIAGYIIVFVVALIGNVLVCVAVWKNHHMRTVTNYFIVNLSLADVLVTITCLPATLVVDITETWFFGQSLCKVIPYLQTVSVSVSVLTLSCIALDRWYAICHPLMFKSTAKRARNSIVIIWIVSCIIMIPQAIVMECSTVFPGLANKTTLFTVCDERWGGEIYPKMYHICFFLVTYMAPLCLMVLAYLQIFRKLWCRQIPGTSSVVQRKWKPLQPVSQPRGPGQPTKSRMSAVAAEIKQIRARRKTARMLMIVLLVFAICYLPISILNVLKRVFGMFAHTEDRETVYAWFTFSHWLVYANSAANPIIYNFLSGKFREEFKAAFSCCCLGVHHRQEDRLTRGRTSTESRKSLTTQISNFDNISKLSEQVVLTSISTLPAANGAGPLQNW
52,QRFPR,MQALNITPEQFSRLLRDHNLTREQFIALYRLRPLVYTPELPGRAKLALVLTGVLIFALALFGNALVFYVVTRSKAMRTVTNIFICSLALSDLLITFFCIPVTMLQNISDNWLGGAFICKMVPFVQSTAVVTEILTMTCIAVERHQGLVHPFKMKWQYTNRRAFTMLGVVWLVAVIVGSPMWHVQQLEIKYDFLYEKEHICCLEEWTSPVHQKIYTTFILVILFLLPLMVMLILYSKIGYELWIKKRVGDGSVLRTIHGKEMSKIARKKKRAVIMMVTVVALFAVCWAPFHVVHMMIEYSNFEKEYDDVTIKMIFAIVQIIGFSNSICNPIVYAFMNENFKKNVLSAVCYCIVNKTFSPAQRHGNSGITMMRKKAKFSLRENPVEETKGEAFSDGNIEVKLCEQTEEKKKLKRHLALFRSELAENSPLDSGH
53,PRLHR,MASSTTRGPRVSDLFSGLPPAVTTPANQSAEASAGNGSVAGADAPAVTPFQSLQLVHQLKGLIVLLYSVVVVVGLVGNCLLVLVIARVRRLHNVTNFLIGNLALSDVLMCTACVPLTLAYAFEPRGWVFGGGLCHLVFFLQPVTVYVSVFTLTTIAVDRYVVLVHPLRRRISLRLSAYAVLAIWALSAVLALPAAVHTYHVELKPHDVRLCEEFWGSQERQRQLYAWGLLLVTYLLPLLVILLSYVRVSVKLRNRVVPGCVTQSQADWDRARRRRTFCLLVVIVVVFAVCWLPLHVFNLLRDLDPHAIDPYAFGLVQLLCHWLAMSSACYNPFIYAWLHDSFREELRKLLVAWPRKIAPHGQNMTVSVVI
54,PAR1,MGPRRLLLVAACFSLCGPLLSARTRARRPESKATNATLDPRSFLLRNPNDKYEPFWEDEEKNESGLTEYRLVSINKSSPLQKQLPAFISEDASGYLTSSWLTLFVPSVYTGVFVVSLPLNIMAIVVFILKMKVKKPAVVYMLHLATADVLFVSVLPFKISYYFSGSDWQFGSELCRFVTAAFYCNMYASILLMTVISIDRFLAVVYPMQSLSWRTLGRASFTCLAIWALAIAGVVPLLLKEQTIQVPGLNITTCHDVLNETLLEGYYAYYFSAFSAVFFFVPLIISTVCYVSIIRCLSSSAVANRSKKSRALFLSAAVFCIFIICFGPTNVLLIAHYSFLSHTSTTEAAYFAYLLCVCVSSISCCIDPLIYYYASSECQRYVYSILCCKESSDPSSYNSSGQLMASKMDTCSSNLNNSIYKKLLT
55,PAR2,MRSPSAAWLLGAAILLAASLSCSGTIQGTNRSSKGRSLIGKVDGTSHVTGKGVTVETVFSVDEFSASVLTGKLTTVFLPIVYTIVFVVGLPSNGMALWVFLFRTKKKHPAVIYMANLALADLLSVIWFPLKIAYHIHGNNWIYGEALCNVLIGFFYGNMYCSILFMTCLSVQRYWVIVNPMGHSRKKANIAIGISLAIWLLILLVTIPLYVVKQTIFIPALNITTCHDVLPEQLLVGDMFNYFLSLAIGVFLFPAFLTASAYVLMIRMLRSSAMDENSEKKRKRAIKLIVTVLAMYLICFTPSNLLLVVHYFLIKSQGQSHVYALYIVALCLSTLNSCIDPFVYYFVSHDFRDHAKNALLCRSVRTVKQMQVSLTSKKHSRKSSSYSSSSTTVKTSY
56,PAR3,MKALIFAAAGLLLLLPTFCQSGMENDTNNLAKPTLPIKTFRGAPPNSFEEFPFSALEGWTGATITVKIKCPEESASHLHVKNATMGYLTSSLSTKLIPAIYLLVFVVGVPANAVTLWMLFFRTRSICTTVFYTNLAIADFLFCVTLPFKIAYHLNGNNWVFGEVLCRATTVIFYGNMYCSILLLACISINRYLAIVHPFTYRGLPKHTYALVTCGLVWATVFLYMLPFFILKQEYYLVQPDITTCHDVHNTCESSSPFQLYYFISLAFFGFLIPFVLIIYCYAAIIRTLNAYDHRWLWYVKASLLILVIFTICFAPSNIILIIHHANYYYNNTDGLYFIYLIALCLGSLNSCLDPFLYFLMSKTRNHSTAYLTK
57,PAR4,MWGRLLLWPLVLGFSLSGGTQTPSVYDESGSTGGGDDSTPSILPAPRGYPGQVCANDSDTLELPDSSRALLLGWVPTRLVPALYGLVLVVGLPANGLALWVLATQAPRLPSTMLLMNLAAADLLLALALPPRIAYHLRGQRWPFGEAACRLATAALYGHMYGSVLLLAAVSLDRYLALVHPLRARALRGRRLALGLCMAAWLMAAALALPLTLQRQTFRLARSDRVLCHDALPLDAQASHWQPAFTCLALLGCFLPLLAMLLCYGATLHTLAASGRRYGHALRLTAVVLASAVAFFVPSNLLLLLHYSDPSPSAWGNLYGAYVPSLALSTLNSCVDPFIYYYVSAEFRDKVRAGLFQRSPGDTVASKASAEGGSRGMGTHSSLLQ
58,RXFP1,MTSGSVFFYILIFGKYFSHGGGQDVKCSLGYFPCGNITKCLPQLLHCNGVDDCGNQADEDNCGDNNGWSLQFDKYFASYYKMTSQYPFEAETPECLVGSVPVQCLCQGLELDCDETNLRAVPSVSSNVTAMSLQWNLIRKLPPDCFKNYHDLQKLYLQNNKITSISIYAFRGLNSLTKLYLSHNRITFLKPGVFEDLHRLEWLIIEDNHLSRISPPTFYGLNSLILLVLMNNVLTRLPDKPLCQHMPRLHWLDLEGNHIHNLRNLTFISCSNLTVLVMRKNKINHLNENTFAPLQKLDELDLGSNKIENLPPLIFKDLKELSQLNLSYNPIQKIQANQFDYLVKLKSLSLEGIEISNIQQRMFRPLMNLSHIYFKKFQYCGYAPHVRSCKPNTDGISSLENLLASIIQRVFVWVVSAVTCFGNIFVICMRPYIRSENKLYAMSIISLCCADCLMGIYLFVIGGFDLKFRGEYNKHAQLWMESTHCQLVGSLAILSTEVSVLLLTFLTLEKYICIVYPFRCVRPGKCRTITVLILIWITGFIVAFIPLSNKEFFKNYYGTNGVCFPLHSEDTESIGAQIYSVAIFLGINLAAFIIIVFSYGSMFYSVHQSAITATEIRNQVKKEMILAKRFFFIVFTDALCWIPIFVVKFLSLLQVEIPGTITSWVVIFILPINSALNPILYTLTTRPFKEMIHRFWYNYRQRKSMDSKGQKTYAPSFIWVEMWPLQEMPPELMKPDLFTYPCEMSLISQSTRLNSYS
59,RXFP2,MIVFLVFKHLFSLRLITMFFLLHFIVLINVKDFALTQGSMITPSCQKGYFPCGNLTKCLPRAFHCDGKDDCGNGADEENCGDTSGWATIFGTVHGNANSVALTQECFLKQYPQCCDCKETELECVNGDLKSVPMISNNVTLLSLKKNKIHSLPDKVFIKYTKLKKIFLQHNCIRHISRKAFFGLCNLQILYLNHNCITTLRPGIFKDLHQLTWLILDDNPITRISQRLFTGLNSLFFLSMVNNYLEALPKQMCAQMPQLNWVDLEGNRIKYLTNSTFLSCDSLTVLFLPRNQIGFVPEKTFSSLKNLGELDLSSNTITELSPHLFKDLKLLQKLNLSSNPLMYLHKNQFESLKQLQSLDLERIEIPNINTRMFQPMKNLSHIYFKNFRYCSYAPHVRICMPLTDGISSFEDLLANNILRIFVWVIAFITCFGNLFVIGMRSFIKAENTTHAMSIKILCCADCLMGVYLFFVGIFDIKYRGQYQKYALLWMESVQCRLMGFLAMLSTEVSVLLLTYLTLEKFLVIVFPFSNIRPGKRQTSVILICIWMAGFLIAVIPFWNKDYFGNFYGKNGVCFPLYYDQTEDIGSKGYSLGIFLGVNLLAFLIIVFSYITMFCSIQKTALQTTEVRNCFGREVAVANRFFFIVFSDAICWIPVFVVKILSLFRVEIPDTMTSWIVIFFLPVNSALNPILYTLTTNFFKDKLKQLLHKHQRKSIFKIKKKSLSTSIVWIEDSSSLKLGVLNKITLGDSIMKPVS
60,RL3R1,MQMADAATIATMNKAAGGDKLAELFSLVPDLLEAANTSGNASLQLPDLWWELGLELPDGAPPGHPPGSGGAESADTEARVRILISVVYWVVCALGLAGNLLVLYLMKSMQGWRKSSINLFVTNLALTDFQFVLTLPFWAVENALDFKWPFGKAMCKIVSMVTSMNMYASVFFLTAMSVTRYHSVASALKSHRTRGHGRGDCCGRSLGDSCCFSAKALCVWIWALAALASLPSAIFSTTVKVMGEELCLVRFPDKLLGRDRQFWLGLYHSQKVLLGFVLPLGIIILCYLLLVRFIADRRAAGTKGGAAVAGGRPTGASARRLSKVTKSVTIVVLSFFLCWLPNQALTTWSILIKFNAVPFSQEYFLCQVYAFPVSVCLAHSNSCLNPVLYCLVRREFRKALKSLLWRIASPSITSMRPFTATTKPEHEDQGLQAPAPPHAAAEPDLLYYPPGVVVYSGGRYDLLPSSSAY
61,RL3R2,MPTLNTSASPPTFFWANASGGSVLSADDAPMPVKFLALRLMVALAYGLVGAIGLLGNLAVLWVLSNCARRAPGPPSDTFVFNLALADLGLALTLPFWAAESALDFHWPFGGALCKMVLTATVLNVYASIFLITALSVARYWVVAMAAGPGTHLSLFWARIATLAVWAAAALVTVPTAVFGVEGEVCGVRLCLLRFPSRYWLGAYQLQRVVLAFMVPLGVITTSYLLLLAFLQRRQRRRQDSRVVARSVRILVASFFLCWFPNHVVTLWGVLVKFDLVPWNSTFYTIQTYVFPVTTCLAHSNSCLNPVLYCLLRREPRQALAGTFRDLRLRLWPQGGGWVQQVALKQVGRRWVASNPRESRPSTLLTNLDRGTPG
62,SSR1,MFPNGTASSPSSSPSPSPGSCGEGGGSRGPGAGAADGMEEPGRNASQNGTLSEGQGSAILISFIYSVVCLVGLCGNSMVIYVILRYAKMKTATNIYILNLAIADELLMLSVPFLVTSTLLRHWPFGALLCRLVLSVDAVNMFTSIYCLTVLSVDRYVAVVHPIKAARYRRPTVAKVVNLGVWVLSLLVILPIVVFSRTAANSDGTVACNMLMPEPAQRWLVGFVLYTFLMGFLLPVGAICLCYVLIIAKMRMVALKAGWQQRKRSERKITLMVMMVVMVFVICWMPFYVVQLVNVFAEQDDATVSQLSVILGYANSCANPILYGFLSDNFKRSFQRILCLSWMDNAAEEPVDYYATALKSRAYSVEDFQPENLESGGVFRNGTCTSRITTL
63,SSR2,MDMADEPLNGSHTWLSIPFDLNGSVVSTNTSNQTEPYYDLTSNAVLTFIYFVVCIIGLCGNTLVIYVILRYAKMKTITNIYILNLAIADELFMLGLPFLAMQVALVHWPFGKAICRVVMTVDGINQFTSIFCLTVMSIDRYLAVVHPIKSAKWRRPRTAKMITMAVWGVSLLVILPIMIYAGLRSNQWGRSSCTINWPGESGAWYTGFIIYTFILGFLVPLTIICLCYLFIIIKVKSSGIRVGSSKRKKSEKKVTRMVSIVVAVFIFCWLPFYIFNVSSVSMAISPTPALKGMFDFVVVLTYANSCANPILYAFLSDNFKKSFQNVLCLVKVSGTDDGERSDSKQDKSRLNETTETQRTLLNGDLQTSI
64,SSR3,MDMLHPSSVSTTSEPENASSAWPPDATLGNVSAGPSPAGLAVSGVLIPLVYLVVCVVGLLGNSLVIYVVLRHTASPSVTNVYILNLALADELFMLGLPFLAAQNALSYWPFGSLMCRLVMAVDGINQFTSIFCLTVMSVDRYLAVVHPTRSARWRTAPVARTVSAAVWVASAVVVLPVVVFSGVPRGMSTCHMQWPEPAAAWRAGFIIYTAALGFFGPLLVICLCYLLIVVKVRSAGRRVWAPSCQRRRRSERRVTRMVVAVVALFVLCWMPFYVLNIVNVVCPLPEEPAFFGLYFLVVALPYANSCANPILYGFLSYRFKQGFRRVLLRPSRRVRSQEPTVGPPEKTEEEDEEEEDGEESREGGKGKEMNGRVSQITQPGTSGQERPPSRVASKEQQLLPQEASTGEKSSTMRISYL
65,SSR4,MSAPSTLPPGGEEGLGTAWPSAANASSAPAEAEEAVAGPGDARAAGMVAIQCIYALVCLVGLVGNALVIFVILRYAKMKTATNIYLLNLAVADELFMLSVPFVASSAALRHWPFGSVLCRAVLSVDGLNMFTSVFCLTVLSVDRYVAVVHPLRAATYRRPSVAKLINLGVWLASLLVTLPIAIFADTRPARGGQAVACNLQWPHPAWSAVFVVYTFLLGFLLPVLAIGLCYLLIVGKMRAVALRAGWQQRRRSEKKITRLVLMVVVVFVLCWMPFYVVQLLNLFVTSLDATVNHVSLILSYANSCANPILYGFLSDNFRRFFQRVLCLRCCLLEGAGGAEEEPLDYYATALKSKGGAGCMCPPLPCQQEALQPEPGRKRIPLTRTTTF
66,SSR5,MEPLFPASTPSWNASSPGAASGGGDNRTLVGPAPSAGARAVLVPVLYLLVCAAGLGGNTLVIYVVLRFAKMKTVTNIYILNLAVADVLYMLGLPFLATQNAASFWPFGPVLCRLVMTLDGVNQFTSVFCLTVMSVDRYLAVVHPLSSARWRRPRVAKLASAAAWVLSLCMSLPLLVFADVQEGGTCNASWPEPVGLWGAVFIIYTAVLGFFAPLLVICLCYLLIVVKVRAAGVRVGCVRRRSERKVTRMVLVVVLVFAGCWLPFFTVNIVNLAVALPQEPASAGLYFFVVILSYANSCANPVLYGFLSDNFRQSFQKVLCLRKGSGAKDADATEPRPDRIRQQQEATPPAHRAAANGLMQTSKL
67,NK1R,MDNVLPVDSDLSPNISTNTSEPNQFVQPAWQIVLWAAAYTVIVVTSVVGNVVVMWIILAHKRMRTVTNYFLVNLAFAEASMAAFNTVVNFTYAVHNEWYYGLFYCKFHNFFPIAAVFASIYSMTAVAFDRYMAIIHPLQPRLSATATKVVICVIWVLALLLAFPQGYYSTTETMPSRVVCMIEWPEHPNKIYEKVYHICVTVLIYFLPLLVIGYAYTVVGITLWASEIPGDSSDRYHEQVSAKRKVVKMMIVVVCTFAICWLPFHIFFLLPYINPDLYLKKFIQQVYLAIMWLAMSSTMYNPIIYCCLNDRFRLGFKHAFRCCPFISAGDYEGLEMKSTRYLQTQGSVYKVSRLETTISTVVGAHEEEPEDGPKATPSSLDLTSNCSSRSDSKTMTESFSFSSNVLS
68,NK2R,MGTCDIVTEANISSGPESNTTGITAFSMPSWQLALWATAYLALVLVAVTGNAIVIWIILAHRRMRTVTNYFIVNLALADLCMAAFNAAFNFVYASHNIWYFGRAFCYFQNLFPITAMFVSIYSMTAIAADRYMAIVHPFQPRLSAPSTKAVIAGIWLVALALASPQCFYSTVTMDQGATKCVVAWPEDSGGKTLLLYHLVVIALIYFLPLAVMFVAYSVIGLTLWRRAVPGHQAHGANLRHLQAMKKFVKTMVLVVLTFAICWLPYHLYFILGSFQEDIYCHKFIQQVYLALFWLAMSSTMYNPIIYCCLNHRFRSGFRLAFRCCPWVTPTKEDKLELTPTTSLSTRVNRCHTKETLFMAGDTAPSEATSGEAGRPQDGSGLWFGYGLLAPTKTHVEI
69,NK3R,MATLPAAETWIDGGGGVGADAVNLTASLAAGAATGAVETGWLQLLDQAGNLSSSPSALGLPVASPAPSQPWANLTNQFVQPSWRIALWSLAYGVVVAVAVLGNLIVIWIILAHKRMRTVTNYFLVNLAFSDASMAAFNTLVNFIYALHSEWYFGANYCRFQNFFPITAVFASIYSMTAIAVDRYMAIIDPLKPRLSATATKIVIGSIWILAFLLAFPQCLYSKTKVMPGRTLCFVQWPEGPKQHFTYHIIVIILVYCFPLLIMGITYTIVGITLWGGEIPGDTCDKYHEQLKAKRKVVKMMIIVVMTFAICWLPYHIYFILTAIYQQLNRWKYIQQVYLASFWLAMSSTMYNPIIYCCLNKRFRAGFKRAFRWCPFIKVSSYDELELKTTRFHPNRQSSMYTVTRMESMTVVFDPNDADTTRSSRKKRATPRDPSFNGCSRRNSKSASATSSFISSPYTSVDEYS
70,TRFR,MENETVSELNQTQLQPRAVVALEYQVVTILLVLIICGLGIVGNIMVVLVVMRTKHMRTPTNCYLVSLAVADLMVLVAAGLPNITDSIYGSWVYGYVGCLCITYLQYLGINASSCSITAFTIERYIAICHPIKAQFLCTFSRAKKIIIFVWAFTSLYCMLWFFLLDLNISTYKDAIVISCGYKISRNYYSPIYLMDFGVFYVVPMILATVLYGFIARILFLNPIPSDPKENSKTWKNDSTHQNTNLNVNTSNRCFNSTVSSRKQVTKMLAVVVILFALLWMPYRTLVVVNSFLSSPFQENWFLLFCRICIYLNSAINPVIYNLMSQKFRAAFRKLCNCKQKPTEKPANYSVALNYSVIKESDHFSTELDDITVTDTYLSATKVSFDDTCLASEVSFSQS
71,UR2R,MALTPESPSSFPGLAATGSSVPEPPGGPNATLNSSWASPTEPSSLEDLVATGTIGTLLSAMGVVGVVGNAYTLVVTCRSLRAVASMYVYVVNLALADLLYLLSIPFIVATYVTKEWHFGDVGCRVLFGLDFLTMHASIFTLTVMSSERYAAVLRPLDTVQRPKGYRKLLALGTWLLALLLTLPVMLAMRLVRRGPKSLCLPAWGPRAHRAYLTLLFATSIAGPGLLIGLLYARLARAYRRSQRASFKRARRPGARALRLVLGIVLLFWACFLPFWLWQLLAQYHQAPLAPRTARIVNYLTTCLTYGNSCANPFLYTLLTRNYRDHLRGRVRGPGSGGGRGPVPSLQPRARFQRCSGRSLSSCSPQPTDSLVLAPAAPARPAPEGPRAPA
72,V1AR,MRLSAGPDAGPSGNSSPWWPLATGAGNTSREAEALGEGNGPPRDVRNEELAKLEIAVLAVTFAVAVLGNSSVLLALHRTPRKTSRMHLFIRHLSLADLAVAFFQVLPQMCWDITYRFRGPDWLCRVVKHLQVFGMFASAYMLVVMTADRYIAVCHPLKTLQQPARRSRLMIAAAWVLSFVLSTPQYFVFSMIEVNNVTKARDCWATFIQPWGSRAYVTWMTGGIFVAPVVILGTCYGFICYNIWCNVRGKTASRQSKGAEQAGVAFQKGFLLAPCVSSVKSISRAKIRTVKMTFVIVTAYIVCWAPFFIIQMWSVWDPMSVWTESENPTITITALLGSLNSCCNPWIYMFFSGHLLQDCVQSFPCCQNMKEKFNKEDTDSMSRRQTFYSNNRSPTNSTGMWKDSPKSSKSIKFIPVST
73,V1BR,MDSGPLWDANPTPRGTLSAPNATTPWLGRDEELAKVEIGVLATVLVLATGGNLAVLLTLGQLGRKRSRMHLFVLHLALTDLAVALFQVLPQLLWDITYRFQGPDLLCRAVKYLQVLSMFASTYMLLAMTLDRYLAVCHPLRSLQQPGQSTYLLIAAPWLLAAIFSLPQVFIFSLREVIQGSGVLDCWADFGFPWGPRAYLTWTTLAIFVLPVTMLTACYSLICHEICKNLKVKTQAWRVGGGGWRTWDRPSPSTLAATTRGLPSRVSSINTISRAKIRTVKMTFVIVLAYIACWAPFFSVQMWSVWDKNAPDEDSTNVAFTISMLLGNLNSCCNPWIYMGFNSHLLPRPLRHLACCGGPQPRMRRRLSDGSLSSRHTTLLTRSSCPATLSLSLSLTLSGRPRPEESPRDLELADGEGTAETIIF
74,V2R,MLMASTTSAVPGHPSLPSLPSNSSQERPLDTRDPLLARAELALLSIVFVAVALSNGLVLAALARRGRRGHWAPIHVFIGHLCLADLAVALFQVLPQLAWKATDRFRGPDALCRAVKYLQMVGMYASSYMILAMTLDRHRAICRPMLAYRHGSGAHWNRPVLVAWAFSLLLSLPQLFIFAQRNVEGGSGVTDCWACFAEPWGRRTYVTWIALMVFVAPTLGIAACQVLIFREIHASLVPGPSERPGGRRRGRRTGSPGEGAHVSAAVAKTVRMTLVIVVVYVLCWAPFFLVQLWAAWDPEAPLEGAPFVLLMLLASLNSCTNPWIYASFSSSVSSELRSLLCCARGRTPPSLGPQDESCTTASSSLAKDTSS
75,OXYR,MEGALAANWSAEAANASAAPPGAEGNRTAGPPRRNEALARVEVAVLCLILLLALSGNACVLLALRTTRQKHSRLFFFMKHLSIADLVVAVFQVLPQLLWDITFRFYGPDLLCRLVKYLQVVGMFASTYLLLLMSLDRCLAICQPLRSLRRRTDRLAVLATWLGCLVASAPQVHIFSLREVADGVFDCWAVFIQPWGPKAYITWITLAVYIVPVIVLAACYGLISFKIWQNLRLKTAAAAAAEAPEGAAAGDGGRVALARVSSVKLISKAKIRTVKMTFIIVLAFIVCWTPFFFVQMWSVWDANAPKEASAFIIVMLLASLNSCCNPWIYMLFTGHLFHELVQRFLCCSASYLKGRRLGETSASKKSNSSSFVLSHRSSSQRSCSQPSTA
76,CML1,MRMEDEDYNTSISYGDEYPDYLDSIVVLEDLSPLEARVTRIFLVVVYSIVCFLGILGNGLVIIIATFKMKKTVNMVWFLNLAVADFLFNVFLPIHITYAAMDYHWVFGTAMCKISNFLLIHNMFTSVFLLTIISSDRCISVLLPVWSQNHRSVRLAYMACMVIWVLAFFLSSPSLVFRDTANLHGKISCFNNFSLSTPGSSSWPTHSQMDPVGYSRHMVVTVTRFLCGFLVPVLIITACYLTIVCKLQRNRLAKTKKPFKIIVTIIITFFLCWCPYHTLNLLELHHTAMPGSVFSLGLPLATALAIANSCMNPILYVFMGQDFKKFKVALFSRLVNALSEDTGHSSYPSHRSFTKMSSMNERTSMNERETGML
77,CML2,MEDLEETLFEEFENYSYDLDYYSLESDLEEKVQLGVVHWVSLVLYCLAFVLGIPGNAIVIWFTGFKWKKTVTTLWFLNLAIADFIFLLFLPLYISYVAMNFHWPFGIWLCKANSFTAQLNMFASVFFLTVISLDHYIHLIHPVLSHRHRTLKNSLIVIIFIWLLASLIGGPALYFRDTVEFNNHTLCYNNFQKHDPDLTLIRHHVLTWVKFIIGYLFPLLTMSICYLCLIFKVKKRSILISSRHFWTILVVVVAFVVCWTPYHLFSIWELTIHHNSYSHHVMQAGIPLSTGLAFLNSCLNPILYVLISKKFQARFRSSVAEILKYTLWEVSCSGTVSEQLRNSETKNLCLLETAQ
78,CCR1,METPNTTEDYDTTTEFDYGDATPCQKVNERAFGAQLLPPLYSLVFVIGLVGNILVVLVLVQYKRLKNMTSIYLLNLAISDLLFLFTLPFWIDYKLKDDWVFGDAMCKILSGFYYTGLYSEIFFIILLTIDRYLAIVHAVFALRARTVTFGVITSIIIWALAILASMPGLYFSKTQWEFTHHTCSLHFPHESLREWKLFQALKLNLFGLVLPLLVMIICYTGIIKILLRRPNEKKSKAVRLIFVIMIIFFLFWTPYNLTILISVFQDFLFTHECEQSRHLDLAVQVTEVIAYTHCCVNPVIYAFVGERFRKYLRQLFHRRVAVHLVKWLPFLSVDRLERVSSTSPSTGEHELSAGF
79,CCR2,MLSTSRSRFIRNTNESGEEVTTFFDYDYGAPCHKFDVKQIGAQLLPPLYSLVFIFGFVGNMLVVLILINCKKLKCLTDIYLLNLAISDLLFLITLPLWAHSAANEWVFGNAMCKLFTGLYHIGYFGGIFFIILLTIDRYLAIVHAVFALKARTVTFGVVTSVITWLVAVFASVPGIIFTKCQKEDSVYVCGPYFPRGWNNFHTIMRNILGLVLPLLIMVICYSGILKTLLRCRNEKKRHRAVRVIFTIMIVYFLFWTPYNIVILLNTFQEFFGLSNCESTSQLDQATQVTETLGMTHCCINPIIYAFVGEKFRSLFHIALGCRIAPLQKPVCGGPGVRPGKNVKVTTQGLLDGRGKGKSIGRAPEASLQDKEGA
80,CCR3,MTTSLDTVETFGTTSYYDDVGLLCEKADTRALMAQFVPPLYSLVFTVGLLGNVVVVMILIKYRRLRIMTNIYLLNLAISDLLFLVTLPFWIHYVRGHNWVFGHGMCKLLSGFYHTGLYSEIFFIILLTIDRYLAIVHAVFALRARTVTFGVITSIVTWGLAVLAALPEFIFYETEELFEETLCSALYPEDTVYSWRHFHTLRMTIFCLVLPLLVMAICYTGIIKTLLRCPSKKKYKAIRLIFVIMAVFFIFWTPYNVAILLSSYQSILFGNDCERSKHLDLVMLVTEVIAYSHCCMNPVIYAFVGERFRKYLRHFFHRHLLMHLGRYIPFLPSEKLERTSSVSPSTAEPELSIVF
81,CCR4,MNPTDIADTTLDESIYSNYYLYESIPKPCTKEGIKAFGELFLPPLYSLVFVFGLLGNSVVVLVLFKYKRLRSMTDVYLLNLAISDLLFVFSLPFWGYYAADQWVFGLGLCKMISWMYLVGFYSGIFFVMLMSIDRYLAIVHAVFSLRARTLTYGVITSLATWSVAVFASLPGFLFSTCYTERNHTYCKTKYSLNSTTWKVLSSLEINILGLVIPLGIMLFCYSMIIRTLQHCKNEKKNKAVKMIFAVVVLFLGFWTPYNIVLFLETLVELEVLQDCTFERYLDYAIQATETLAFVHCCLNPIIYFFLGEKFRKYILQLFKTCRGLFVLCQYCGLLQIYSADTPSSSYTQSTMDHDLHDAL
82,CCR5,MDYQVSSPIYDINYYTSEPCQKINVKQIAARLLPPLYSLVFIFGFVGNMLVILILINCKRLKSMTDIYLLNLAISDLFFLLTVPFWAHYAAAQWDFGNTMCQLLTGLYFIGFFSGIFFIILLTIDRYLAVVHAVFALKARTVTFGVVTSVITWVVAVFASLPGIIFTRSQKEGLHYTCSSHFPYSQYQFWKNFQTLKIVILGLVLPLLVMVICYSGILKTLLRCRNEKKRHRAVRLIFTIMIVYFLFWAPYNIVLLLNTFQEFFGLNNCSSSNRLDQAMQVTETLGMTHCCINPIIYAFVGEKFRNYLLVFFQKHIAKRFCKCCSIFQQEAPERASSVYTRSTGEQEISVGL
83,CCR6,MSGESMNFSDVFDSSEDYFVSVNTSYYSVDSEMLLCSLQEVRQFSRLFVPIAYSLICVFGLLGNILVVITFAFYKKARSMTDVYLLNMAIADILFVLTLPFWAVSHATGAWVFSNATCKLLKGIYAINFNCGMLLLTCISMDRYIAIVQATKSFRLRSRTLPRSKIICLVVWGLSVIISSSTFVFNQKYNTQGSDVCEPKYQTVSEPIRWKLLMLGLELLFGFFIPLMFMIFCYTFIVKTLVQAQNSKRHKAIRVIIAVVLVFLACQIPHNMVLLVTAANLGKMNRSCQSEKLIGYTKTVTEVLAFLHCCLNPVLYAFIGQKFRNYFLKILKDLWCVRRKYKSSGFSCAGRYSENISRQTSETADNDNASSFTM
84,CCR7,MDLGKPMKSVLVVALLVIFQVCLCQDEVTDDYIGDNTTVDYTLFESLCSKKDVRNFKAWFLPIMYSIICFVGLLGNGLVVLTYIYFKRLKTMTDTYLLNLAVADILFLLTLPFWAYSAAKSWVFGVHFCKLIFAIYKMSFFSGMLLLLCISIDRYVAIVQAVSAHRHRARVLLISKLSCVGIWILATVLSIPELLYSDLQRSSSEQAMRCSLITEHVEAFITIQVAQMVIGFLVPLLAMSFCYLVIIRTLLQARNFERNKAIKVIIAVVVVFIVFQLPYNGVVLAQTVANFNITSSTCELSKQLNIAYDVTYSLACVRCCVNPFLYAFIGVKFRNDLFKLFKDLGCLSQEQLRQWSSCRHIRRSSMSVEAETTTTFSP
85,CCR8,MDYTLDLSVTTVTDYYYPDIFSSPCDAELIQTNGKLLLAVFYCLLFVFSLLGNSLVILVLVVCKKLRSITDVYLLNLALSDLLFVFSFPFQTYYLLDQWVFGTVMCKVVSGFYYIGFYSSMFFITLMSVDRYLAVVHAVYALKVRTIRMGTTLCLAVWLTAIMATIPLLVFYQVASEDGVLQCYSFYNQQTLKWKIFTNFKMNILGLLIPFTIFMFCYIKILHQLKRCQNHNKTKAIRLVLIVVIASLLFWVPFNVVLFLTSLHSMHILDGCSISQQLTYATHVTEIISFTHCCVNPVIYAFVGEKFKKHLSEIFQKSCSQIFNYLGRQMPRESCEKSSSCQQHSSRSSSVDYIL
86,CCR9,MTPTDFTSPIPNMADDYGSESTSSMEDYVNFNFTDFYCEKNNVRQFASHFLPPLYWLVFIVGALGNSLVILVYWYCTRVKTMTDMFLLNLAIADLLFLVTLPFWAIAAADQWKFQTFMCKVVNSMYKMNFYSCVLLIMCISVDRYIAIAQAMRAHTWREKRLLYSKMVCFTIWVLAAALCIPEILYSQIKEESGIAICTMVYPSDESTKLKSAVLTLKVILGFFLPFVVMACCYTIIIHTLIQAKKSSKHKALKVTITVLTVFVLSQFPYNCILLVQTIDAYAMFISNCAVSTNIDICFQVTQTIAFFHSCLNPVLYVFVGERFRRDLVKTLKNLGCISQAQWVSFTRREGSLKLSSMLLETTSGALSL
87,CCR10,MGTEATEQVSWGHYSGDEEDAYSAEPLPELCYKADVQAFSRAFQPSVSLTVAALGLAGNGLVLATHLAARRAARSPTSAHLLQLALADLLLALTLPFAAAGALQGWSLGSATCRTISGLYSASFHAGFLFLACISADRYVAIARALPAGPRPSTPGRAHLVSVIVWLLSLLLALPALLFSQDGQREGQRRCRLIFPEGLTQTVKGASAVAQVALGFALPLGVMVACYALLGRTLLAARGPERRRALRVVVALVAAFVVLQLPYSLALLLDTADLLAARERSCPASKRKDVALLVTSGLALARCGLNPVLYAFLGLRFRQDLRRLLRGGSCPSGPQPRRGCPRRPRLSSCSAPTETHSLSWDN
88,CXCR1,MSNITDPQMWDFDDLNFTGMPPADEDYSPCMLETETLNKYVVIIAYALVFLLSLLGNSLVMLVILYSRVGRSVTDVYLLNLALADLLFALTLPIWAASKVNGWIFGTFLCKVVSLLKEVNFYSGILLLACISVDRYLAIVHATRTLTQKRHLVKFVCLGCWGLSMNLSLPFFLFRQAYHPNNSSPVCYEVLGNDTAKWRMVLRILPHTFGFIVPLFVMLFCYGFTLRTLFKAHMGQKHRAMRVIFAVVLIFLLCWLPYNLVLLADTLMRTQVIQESCERRNNIGRALDATEILGFLHSCLNPIIYAFIGQNFRHGFLKILAMHGLVSKEFLARHRVTSYTSSSVNVSSNL
89,CXCR2,MEDFNMESDSFEDFWKGEDLSNYSYSSTLPPFLLDAAPCEPESLEINKYFVVIIYALVFLLSLLGNSLVMLVILYSRVGRSVTDVYLLNLALADLLFALTLPIWAASKVNGWIFGTFLCKVVSLLKEVNFYSGILLLACISVDRYLAIVHATRTLTQKRYLVKFICLSIWGLSLLLALPVLLFRRTVYSSNVSPACYEDMGNNTANWRMLLRILPQSFGFIVPLLIMLFCYGFTLRTLFKAHMGQKHRAMRVIFAVVLIFLLCWLPYNLVLLADTLMRTQVIQETCERRNHIDRALDATEILGILHSCLNPLIYAFIGQKFRHGLLKILAIHGLISKDSLPKDSRPSFVGSSSGHTSTTL
90,CXCR3,MVLEVSDHQVLNDAEVAALLENFSSSYDYGENESDSCCTSPPCPQDFSLNFDRAFLPALYSLLFLLGLLGNGAVAAVLLSRRTALSSTDTFLLHLAVADTLLVLTLPLWAVDAAVQWVFGSGLCKVAGALFNINFYAGALLLACISFDRYLNIVHATQLYRRGPPARVTLTCLAVWGLCLLFALPDFIFLSAHHDERLNATHCQYNFPQVGRTALRVLQLVAGFLLPLLVMAYCYAHILAVLLVSRGQRRLRAMRLVVVVVVAFALCWTPYHLVVLVDILMDLGALARNCGRESRVDVAKSVTSGLGYMHCCLNPLLYAFVGVKFRERMWMLLLRLGCPNQRGLQRQPSSSRRDSSWSETSEASYSGL
91,CXCR4,MEGISIYTSDNYTEEMGSGDYDSMKEPCFREENANFNKIFLPTIYSIIFLTGIVGNGLVILVMGYQKKLRSMTDKYRLHLSVADLLFVITLPFWAVDAVANWYFGNFLCKAVHVIYTVNLYSSVLILAFISLDRYLAIVHATNSQRPRKLLAEKVVYVGVWIPALLLTIPDFIFANVSEADDRYICDRFYPNDLWVVVFQFQHIMVGLILPGIVILSCYCIIISKLSHSKGHQKRKALKTTVILILAFFACWLPYYIGISIDSFILLEIIKQGCEFENTVHKWISITEALAFFHCCLNPILYAFLGAKFKTSAQHALTSVSRGSSLKILSKGKRGGHSSVSTESESSSFHSS
92,CXCR5,MNYPLTLEMDLENLEDLFWELDRLDNYNDTSLVENHLCPATEGPLMASFKAVFVPVAYSLIFLLGVIGNVLVLVILERHRQTRSSTETFLFHLAVADLLLVFILPFAVAEGSVGWVLGTFLCKTVIALHKVNFYCSSLLLACIAVDRYLAIVHAVHAYRHRRLLSIHITCGTIWLVGFLLALPEILFAKVSQGHHNNSLPRCTFSQENQAETHAWFTSRFLYHVAGFLLPMLVMGWCYVGVVHRLRQAQRRPQRQKAVRVAILVTSIFFLCWSPYHIVIFLDTLARLKAVDNTCKLNGSLPVAITMCEFLGLAHCCLNPMLYTFAGVKFRSDLSRLLTKLGCTGPASLCQLFPSWRRSSLSESENATSLTTF
93,CXCR6,MAEHDYHEDYGFSSFNDSSQEEHQDFLQFSKVFLPCMYLVVFVCGLVGNSLVLVISIFYHKLQSLTDVFLVNLPLADLVFVCTLPFWAYAGIHEWVFGQVMCKSLLGIYTINFYTSMLILTCITVDRFIVVVKATKAYNQQAKRMTWGKVTSLLIWVISLLVSLPQIIYGNVFNLDKLICGYHDEAISTVVLATQMTLGFFLPLLTMIVCYSVIIKTLLHAGGFQKHRSLKIIFLVMAVFLLTQMPFNLMKFIRSTHWEYYAMTSFHYTIMVTEAIAYLRACLNPVLYAFVSLKFRKNFWKLVKDIGCLPYLGVSHQWKSSEDNSKTFSASHNVEATSMFQL
94,CX3C1,MDQFPESVTENFEYDDLAEACYIGDIVVFGTVFLSIFYSVIFAIGLVGNLLVVFALTNSKKPKSVTDIYLLNLALSDLLFVATLPFWTHYLINEKGLHNAMCKFTTAFFFIGFFGSIFFITVISIDRYLAIVLAANSMNNRTVQHGVTISLGVWAAAILVAAPQFMFTKQKENECLGDYPEVLQEIWPVLRNVETNFLGFLLPLLIMSYCYFRIIQTLFSCKNHKKAKAIKLILLVVIVFFLFWTPYNVMIFLETLKLYDFFPSCDMRKDLRLALSVTETVAFSHCCLNPLIYAFAGEKFRRYLYHLYGKCLAVLCGRSVHVDFSSSESQRSRHGSVLSSNFTYHTSDGDALLLL
95,XCR1,MESSGNPESTTFFYYDLQSQPCENQAWVFATLATTVLYCLVFLLSLVGNSLVLWVLVKYESLESLTNIFILNLCLSDLVFACLLPVWISPYHWGWVLGDFLCKLLNMIFSISLYSSIFFLTIMTIHRYLSVVSPLSTLRVPTLRCRVLVTMAVWVASILSSILDTIFHKVLSSGCDYSELTWYLTSVYQHNLFFLLSLGIILFCYVEILRTLFRSRSKRRHRTVKLIFAIVVAYFLSWGPYNFTLFLQTLFRTQIIRSCEAKQQLEYALLICRNLAFSHCCFNPVLYVFVGVKFRTHLKHVLRQFWFCRLQAPSPASIPHSPGAFAYEGASFY
96,ACKR1,MGNCLHRAELSPSTENSSQLDFEDVWNSSYGVNDSFPDGDYGANLEAAAPCHSCNLLDDSALPFFILTSVLGILASSTVLFMLFRPLFRWQLCPGWPVLAQLAVGSALFSIVVPVLAPGLGSTRSSALCSLGYCVWYGSAFAQALLLGCHASLGHRLGAGQVPGLTLGLTVGIWGVAALLTLPVTLASGASGGLCTLIYSTELKALQATHTVACLAIFVLLPLGLFGAKGLKKALGMGPGPWMNILWAWFIFWWPHGVVLGLDFLVRSKLLLLSTCLAQQALDLLLNLAEALAILHCVATPLLLALFCHQATRTLLPSLPLPEGWSSHLDTLGSKS
97,ACKR2,MAATASPQPLATEDADSENSSFYYYDYLDEVAFMLCRKDAVVSFGKVFLPVFYSLIFVLGLSGNLLLLMVLLRYVPRRRMVEIYLLNLAISNLLFLVTLPFWGISVAWHWVFGSFLCKMVSTLYTINFYSGIFFISCMSLDKYLEIVHAQPYHRLRTRAKSLLLATIVWAVSLAVSIPDMVFVQTHENPKGVWNCHADFGGHGTIWKLFLRFQQNLLGFLLPLLAMIFFYSRIGCVLVRLRPAGQGRALKIAAALVVAFFVLWFPYNLTLFLHTLLDLQVFGNCEVSQHLDYALQVTESIAFLHCCFSPILYAFSSHRFRQYLKAFLAAVLGWHLAPGTAQASLSSCSESSILTAQEEMTGMNDLGERQSENYPNKEDVGNKSA
98,ACKR3,MDLHLFDYSEPGNFSDISWPCNSSDCIVVDTVMCPNMPNKSVLLYTLSFIYIFIFVIGMIANSVVVWVNIQAKTTGYDTHCYILNLAIADLWVVLTIPVWVVSLVQHNQWPMGELTCKVTHLIFSINLFGSIFFLTCMSVDRYLSITYFTNTPSSRKKMVRRVVCILVWLLAFCVSLPDTYYLKTVTSASNNETYCRSFYPEHSIKEWLIGMELVSVVLGFAVPFSIIAVFYFLLARAISASSDQEKHSSRKIIFSYVVVFLVCWLPYHVAVLLDIFSILHYIPFTCRLEHALFTALHVTQCLSLVHCCVNPVLYSFINRNYRYELMKAFIFKYSAKTGLTKLIDASRVSETEYSALEQSTK
99,ACKR4,MALEQNQSTDYYYEENEMNGTYDYSQYELICIKEDVREFAKVFLPVFLTIVFVIGLAGNSMVVAIYAYYKKQRTKTDVYILNLAVADLLLLFTLPFWAVNAVHGWVLGKIMCKITSALYTLNFVSGMQFLACISIDRYVAVTKVPSQSGVGKPCWIICFCVWMAAILLSIPQLVFYTVNDNARCIPIFPRYLGTSMKALIQMLEICIGFVVPFLIMGVCYFITARTLMKMPNIKISRPLKVLLTVVIVFIVTQLPYNIVKFCRAIDIIYSLITSCNMSKRMDIAIQVTESIALFHSCLNPILYVFMGASFKNYVMKVAKKYGSWRRQRQSVEEFPFDSEGPTEPTSTFSI
100,CCRL2,MANYTLAPEDEYDVLIEGELESDEAEQCDKYDAQALSAQLVPSLCSAVFVIGVLDNLLVVLILVKYKGLKRVENIYLLNLAVSNLCFLLTLPFWAHAGGDPMCKILIGLYFVGLYSETFFNCLLTVQRYLVFLHKGNFFSARRRVPCGIITSVLAWVTAILATLPEFVVYKPQMEDQKYKCAFSRTPFLPADETFWKHFLTLKMNISVLVLPLFIFTFLYVQMRKTLRFREQRYSLFKLVFAIMVVFLLMWAPYNIAFFLSTFKEHFSLSDCKSSYNLDKSVHITKLIATTHCCINPLLYAFLDGTFSKYLCRCFHLRSNTPLQPRGQSAQGTSREEPDHSTEV
101,FSHR,MALLLVSLLAFLSLGSGCHHRICHCSNRVFLCQESKVTEIPSDLPRNAIELRFVLTKLRVIQKGAFSGFGDLEKIEISQNDVLEVIEADVFSNLPKLHEIRIEKANNLLYINPEAFQNLPNLQYLLISNTGIKHLPDVHKIHSLQKVLLDIQDNINIHTIERNSFVGLSFESVILWLNKNGIQEIHNCAFNGTQLDELNLSDNNNLEELPNDVFHGASGPVILDISRTRIHSLPSYGLENLKKLRARSTYNLKKLPTLEKLVALMEASLTYPSHCCAFANWRRQISELHPICNKSILRQEVDYMTQARGQRSSLAEDNESSYSRGFDMTYTEFDYDLCNEVVDVTCSPKPDAFNPCEDIMGYNILRVLIWFISILAITGNIIVLVILTTSQYKLTVPRFLMCNLAFADLCIGIYLLLIASVDIHTKSQYHNYAIDWQTGAGCDAAGFFTVFASELSVYTLTAITLERWHTITHAMQLDCKVQLRHAASVMVMGWIFAFAAALFPIFGISSYMKVSICLPMDIDSPLSQLYVMSLLVLNVLAFVVICGCYIHIYLTVRNPNIVSSSSDTRIAKRMAMLIFTDFLCMAPISFFAISASLKVPLITVSKAKILLVLFHPINSCANPFLYAIFTKNFRRDFFILLSKCGCYEMQAQIYRTETSSTVHNTHPRNGHCSSAPRVTNGSTYILVPLSHLAQN
102,LSHR,MKQRFSALQLLKLLLLLQPPLPRALREALCPEPCNCVPDGALRCPGPTAGLTRLSLAYLPVKVIPSQAFRGLNEVIKIEISQIDSLERIEANAFDNLLNLSEILIQNTKNLRYIEPGAFINLPRLKYLSICNTGIRKFPDVTKVFSSESNFILEICDNLHITTIPGNAFQGMNNESVTLKLYGNGFEEVQSHAFNGTTLTSLELKENVHLEKMHNGAFRGATGPKTLDISSTKLQALPSYGLESIQRLIATSSYSLKKLPSRETFVNLLEATLTYPSHCCAFRNLPTKEQNFSHSISENFSKQCESTVRKVNNKTLYSSMLAESELSGWDYEYGFCLPKTPRCAPEPDAFNPCEDIMGYDFLRVLIWLINILAIMGNMTVLFVLLTSRYKLTVPRFLMCNLSFADFCMGLYLLLIASVDSQTKGQYYNHAIDWQTGSGCSTAGFFTVFASELSVYTLTVITLERWHTITYAIHLDQKLRLRHAILIMLGGWLFSSLIAMLPLVGVSNYMKVSICFPMDVETTLSQVYILTILILNVVAFFIICACYIKIYFAVRNPELMATNKDTKIAKKMAILIFTDFTCMAPISFFAISAAFKVPLITVTNSKVLLVLFYPINSCANPFLYAIFTKTFQRDFFLLLSKFGCCKRRAELYRRKDFSAYTSNCKNGFTGSNKPSQSTLKLSTLHCQGTALLDKTRYTEC
103,TSHR,MRPADLLQLVLLLDLPRDLGGMGCSSPPCECHQEEDFRVTCKDIQRIPSLPPSTQTLKLIETHLRTIPSHAFSNLPNISRIYVSIDVTLQQLESHSFYNLSKVTHIEIRNTRNLTYIDPDALKELPLLKFLGIFNTGLKMFPDLTKVYSTDIFFILEITDNPYMTSIPVNAFQGLCNETLTLKLYNNGFTSVQGYAFNGTKLDAVYLNKNKYLTVIDKDAFGGVYSGPSLLDVSQTSVTALPSKGLEHLKELIARNTWTLKKLPLSLSFLHLTRADLSYPSHCCAFKNQKKIRGILESLMCNESSMQSLRQRKSVNALNSPLHQEYEENLGDSIVGYKEKSKFQDTHNNAHYYVFFEEQEDEIIGFGQELKNPQEETLQAFDSHYDYTICGDSEDMVCTPKSDEFNPCEDIMGYKFLRIVVWFVSLLALLGNVFVLLILLTSHYKLNVPRFLMCNLAFADFCMGMYLLLIASVDLYTHSEYYNHAIDWQTGPGCNTAGFFTVFASELSVYTLTVITLERWYAITFAMRLDRKIRLRHACAIMVGGWVCCFLLALLPLVGISSYAKVSICLPMDTETPLALAYIVFVLTLNIVAFVIVCCCYVKIYITVRNPQYNPGDKDTKIAKRMAVLIFTDFICMAPISFYALSAILNKPLITVSNSKILLVLFYPLNSCANPFLYAIFTKAFQRDVFILLSKFGICKRQAQAYRGQRVPPKNSTDIQVQKVTHDMRQGLHNMEDVYELIENSHLTPKKQGQISEEYMQTVL
104,PKR1,METTMGFMDDNATNTSTSFLSVLNPHGAHATSFPFNFSYSDYDMPLDEDEDVTNSRTFFAAKIVIGMALVGIMLVCGIGNFIFIAALVRYKKLRNLTNLLIANLAISDFLVAIVCCPFEMDYYVVRQLSWEHGHVLCTSVNYLRTVSLYVSTNALLAIAIDRYLAIVHPLRPRMKCQTATGLIALVWTVSILIAIPSAYFTTETVLVIVKSQEKIFCGQIWPVDQQLYYKSYFLFIFGIEFVGPVVTMTLCYARISRELWFKAVPGFQTEQIRKRLRCRRKTVLVLMCILTAYVLCWAPFYGFTIVRDFFPTVFVKEKHYLTAFYIVECIAMSNSMINTLCFVTVKNDTVKYFKKIMLLHWKASYNGGKSSADLDLKTIGMPATEEVDCIRLK
105,PKR2,MAAQNGNTSFTPNFNPPQDHASSLSFNFSYGDYDLPMDEDEDMTKTRTFFAAKIVIGIALAGIMLVCGIGNFVFIAALTRYKKLRNLTNLLIANLAISDFLVAIICCPFEMDYYVVRQLSWEHGHVLCASVNYLRTVSLYVSTNALLAIAIDRYLAIVHPLKPRMNYQTASFLIALVWMVSILIAIPSAYFATETVLFIVKSQEKIFCGQIWPVDQQLYYKSYFLFIFGVEFVGPVVTMTLCYARISRELWFKAVPGFQTEQIRKRLRCRRKTVLVLMCILTAYVLCWAPFYGFTIVRDFFPTVFVKEKHYLTAFYVVECIAMSNSMINTVCFVTVKNNTMKYFKKMMLLHWRPSQRGSKSSADLDLRTNGVPTTEEVDCIRLK
106,FFAR1,MDLPPQLSFGLYVAAFALGFPLNVLAIRGATAHARLRLTPSLVYALNLGCSDLLLTVSLPLKAVEALASGAWPLPASLCPVFAVAHFFPLYAGGGFLAALSAGRYLGAAFPLGYQAFRRPCYSWGVCAAIWALVLCHLGLVFGLEAPGGWLDHSNTSLGINTPVNGSPVCLEAWDPASAGPARFSLSLLLFFLPLAITAFCYVGCLRALARSGLTHRRKLRAAWVAGGALLTLLLCVGPYNASNVASFLYPNLGGSWRKLGLITGAWSVVLNPLVTGYLGRGPGLKTVCAARTQGGKSQK
107,FFAR2,MLPDWKSSLILMAYIIIFLTGLPANLLALRAFVGRIRQPQPAPVHILLLSLTLADLLLLLLLPFKIIEAASNFRWYLPKVVCALTSFGFYSSIYCSTWLLAGISIERYLGVAFPVQYKLSRRPLYGVIAALVAWVMSFGHCTIVIIVQYLNTTEQVRSGNEITCYENFTDNQLDVVLPVRLELCLVLFFIPMAVTIFCYWRFVWIMLSQPLVGAQRRRRAVGLAVVTLLNFLVCFGPYNVSHLVGYHQRKSPWWRSIAVVFSSLNASLDPLLFYFSSSVVRRAFGRGLQVLRNQGSSLLGRRGKDTAEGTNEDRGVGQGEGMPSSDFTTE
108,FFAR3,MDTGPDQSYFSGNHWFVFSVYLLTFLVGLPLNLLALVVFVGKLQRRPVAVDVLLLNLTASDLLLLLFLPFRMVEAANGMHWPLPFILCPLSGFIFFTTIYLTALFLAAVSIERFLSVAHPLWYKTRPRLGQAGLVSVACWLLASAHCSVVYVIEFSGDISHSQGTNGTCYLEFRKDQLAILLPVRLEMAVVLFVVPLIITSYCYSRLVWILGRGGSHRRQRRVAGLLAATLLNFLVCFGPYNVSHVVGYICGESPAWRIYVTLLSTLNSCVDPFVYYFSSSGFQADFHELLRRLCGLWGQWQQESSMELKEQKGGEEQRADRPAERKTSEHSQGCGTGGQVACAES
109,FFAR4,MSPECARAAGDAPLRSLEQANRTRFPFFSDVKGDHRLVLAAVETTVLVLIFAVSLLGNVCALVLVARRRRRGATACLVLNLFCADLLFISAIPLVLAVRWTEAWLLGPVACHLLFYVMTLSGSVTILTLAAVSLERMVCIVHLQRGVRGPGRRARAVLLALIWGYSAVAALPLCVFFRVVPQRLPGADQEISICTLIWPTIPGEISWDVSFVTLNFLVPGLVIVISYSKILQITKASRKRLTVSLAYSESHQIRVSQQDFRLFRTLFLLMVSFFIMWSPIIITILLILIQNFKQDLVIWPSLFFWVVAFTFANSALNPILYNMTLCRNEWKKIFCCFWFPEKGAILTDTSVKRNDLSIISG
110,GPR42,MDTGPDQSYFSGNHWFVFSVYLLTFLVGLPLNLLALVVFVGKLRCRPVAVDVLLLNLTASDLLLLLFLPFRMVEAANGMHWPLPFILCPLSGFIFFTTIYLTALFLAAVSIERFLSVAHPLWYKTRPRLGQAGLVSVACWLLASAHCSVVYVIEFSGDISHSQGTNGTCYLEFRKDQLAILLPVRLEMAVVLFVVPLIITSYCYSRLVWILGRGGSHRRQRRVAGLVAATLLNFLVCFGPYNVSHVVGYICGESPVWRIYVTLLSTLNSCVDPFVYYFSSSGFQADFHELLRRLCGLWGQWQQESSMELKEQKGGEEQRADRPAERKTSEHSQGCGTGGQVACAEN
111,LT4R1,MNTTSSAAPPSLGVEFISLLAIILLSVALAVGLPGNSFVVWSILKRMQKRSVTALMVLNLALADLAVLLTAPFFLHFLAQGTWSFGLAGCRLCHYVCGVSMYASVLLITAMSLDRSLAVARPFVSQKLRTKAMARRVLAGIWVLSFLLATPVLAYRTVVPWKTNMSLCFPRYPSEGHRAFHLIFEAVTGFLLPFLAVVASYSDIGRRLQARRFRRSRRTGRLVVLIILTFAAFWLPYHVVNLAEAGRALAGQAAGLGLVGKRLSLARNVLIALAFLSSSVNPVLYACAGGGLLRSAGVGFVAKLLEGTGSEASSTRRGGSLGQTARSGPAALEPGPSESLTASSPLKLNELN
112,LT4R2,MSVCYRPPGNETLLSWKTSRATGTAFLLLAALLGLPGNGFVVWSLAGWRPARGRPLAATLVLHLALADGAVLLLTPLFVAFLTRQAWPLGQAGCKAVYYVCALSMYASVLLTGLLSLQRCLAVTRPFLAPRLRSPALARRLLLAVWLAALLLAVPAAVYRHLWRDRVCQLCHPSPVHAAAHLSLETLTAFVLPFGLMLGCYSVTLARLRGARWGSGRHGARVGRLVSAIVLAFGLLWAPYHAVNLLQAVAALAPPEGALAKLGGAGQAARAGTTALAFFSSSVNPVLYVFTAGDLLPRAGPRFLTRLFEGSGEARGGGRSREGTMELRTTPQLKVVGQGRGNGDPGGGMEKDGPEWDL
113,CLTR1,MDETGNLTVSSATCHDTIDDFRNQVYSTLYSMISVVGFFGNGFVLYVLIKTYHKKSAFQVYMINLAVADLLCVCTLPLRVVYYVHKGIWLFGDFLCRLSTYALYVNLYCSIFFMTAMSFFRCIAIVFPVQNINLVTQKKARFVCVGIWIFVILTSSPFLMAKPQKDEKNNTKCFEPPQDNQTKNHVLVLHYVSLFVGFIIPFVIIIVCYTMIILTLLKKSMKKNLSSHKKAIGMIMVVTAAFLVSFMPYHIQRTIHLHFLHNETKPCDSVLRMQKSVVITLSLAASNCCFDPLLYFFSGGNFRKRLSTFRKHSLSSVTYVPRKKASLPEKGEEICKV
114,CLTR2,MERKFMSLQPSISVSEMEPNGTFSNNNSRNCTIENFKREFFPIVYLIIFFWGVLGNGLSIYVFLQPYKKSTSVNVFMLNLAISDLLFISTLPFRADYYLRGSNWIFGDLACRIMSYSLYVNMYSSIYFLTVLSVVRFLAMVHPFRLLHVTSIRSAWILCGIIWILIMASSIMLLDSGSEQNGSVTSCLELNLYKIAKLQTMNYIALVVGCLLPFFTLSICYLLIIRVLLKVEVPESGLRVSHRKALTTIIITLIIFFLCFLPYHTLRTVHLTTWKVGLCKDRLHKALVITLALAAANACFNPLLYYFAGENFKDRLKSALRKGHPQKAKTKCVFPVSVWLRKETRV
115,OXER1,MLCHRGGQLIVPIIPLCPEHSCRGRRLQNLLSGPWPKQPMELHNLSSPSPSLSSSVLPPSFSPSPSSAPSAFTTVGGSSGGPCHPTSSSLVSAFLAPILALEFVLGLVGNSLALFIFCIHTRPWTSNTVFLVSLVAADFLLISNLPLRVDYYLLHETWRFGAAACKVNLFMLSTNRTASVVFLTAIALNRYLKVVQPHHVLSRASVGAAARVAGGLWVGILLLNGHLLLSTFSGPSCLSYRVGTKPSASLRWHQALYLLEFFLPLALILFAIVSIGLTIRNRGLGGQAGPQRAMRVLAMVVAVYTICFLPSIIFGMASMVAFWLSACRSLDLCTQLFHGSLAFTYLNSVLDPVLYCFSSPNFLHQSRALLGLTRGRQGPVSDESSYQPSRQWRYREASRKAEAIGKLKVQGEVSLEKEGSSQG
116,LPAR1,MAAISTSIPVISQPQFTAMNEPQCFYNESIAFFYNRSGKHLATEWNTVSKLVMGLGITVCIFIMLANLLVMVAIYVNRRFHFPIYYLMANLAAADFFAGLAYFYLMFNTGPNTRRLTVSTWLLRQGLIDTSLTASVANLLAIAIERHITVFRMQLHTRMSNRRVVVVIVVIWTMAIVMGAIPSVGWNCICDIENCSNMAPLYSDSYLVFWAIFNLVTFVVMVVLYAHIFGYVRQRTMRMSRHSSGPRRNRDTMMSLLKTVVIVLGAFIICWTPGLVLLLLDVCCPQCDVLAYEKFFLLLAEFNSAMNPIIYSYRDKEMSATFRQILCCQRSENPTGPTEGSDRSASSLNHTILAGVHSNDHSVV
117,LPAR2,MGQCYYNETIGFFYNNSGKELSSHWRPKDVVVVALGLTVSVLVLLTNLLVIAAIASNRRFHQPIYYLLGNLAAADLFAGVAYLFLMFHTGPRTARLSLEGWFLRQGLLDTSLTASVATLLAIAVERHRSVMAVQLHSRLPRGRVVMLIVGVWVAALGLGLLPAHSWHCLCALDRCSRMAPLLSRSYLAVWALSSLLVFLLMVAVYTRIFFYVRRRVQRMAEHVSCHPRYRETTLSLVKTVVIILGAFVVCWTPGQVVLLLDGLGCESCNVLAVEKYFLLLAEANSLVNAAVYSCRDAEMRRTFRRLLCCACLRQSTRESVHYTSSAQGGASTRIMLPENGHPLMDSTL
118,LPAR3,MNECHYDKHMDFFYNRSNTDTVDDWTGTKLVIVLCVGTFFCLFIFFSNSLVIAAVIKNRKFHFPFYYLLANLAAADFFAGIAYVFLMFNTGPVSKTLTVNRWFLRQGLLDSSLTASLTNLLVIAVERHMSIMRMRVHSNLTKKRVTLLILLVWAIAIFMGAVPTLGWNCLCNISACSSLAPIYSRSYLVFWTVSNLMAFLIMVVVYLRIYVYVKRKTNVLSPHTSGSISRRRTPMKLMKTVMTVLGAFVVCWTPGLVVLLLDGLNCRQCGVQHVKRWFLLLALLNSVVNPIIYSYKDEDMYGTMKKMICCFSQENPERRPSRIPSTVLSRSDTGSQYIEDSISQGAVCNKSTS
119,LPAR4,MGDRRFIDFQFQDSNSSLRPRLGNATANNTCIVDDSFKYNLNGAVYSVVFILGLITNSVSLFVFCFRMKMRSETAIFITNLAVSDLLFVCTLPFKIFYNFNRHWPFGDTLCKISGTAFLTNIYGSMLFLTCISVDRFLAIVYPFRSRTIRTRRNSAIVCAGVWILVLSGGISASLFSTTNVNNATTTCFEGFSKRVWKTYLSKITIFIEVVGFIIPLILNVSCSSVVLRTLRKPATLSQIGTNKKKVLKMITVHMAVFVVCFVPYNSVLFLYALVRSQAITNCFLERFAKIMYPITLCLATLNCCFDPFIYYFTLESFQKSFYINAHIRMESLFKTETPLTTKPSLPAIQEEVSDQTTNNGGELMLESTF
120,LPAR5,MLANSSSTNSSVLPCPDYRPTHRLHLVVYSLVLAAGLPLNALALWVFLRALRVHSVVSVYMCNLAASDLLFTLSLPVRLSYYALHHWPFPDLLCQTTGAIFQMNMYGSCIFLMLINVDRYAAIVHPLRLRHLRRPRVARLLCLGVWALILVFAVPAARVHRPSRCRYRDLEVRLCFESFSDELWKGRLLPLVLLAEALGFLLPLAAVVYSSGRVFWTLARPDATQSQRRRKTVRLLLANLVIFLLCFVPYNSTLAVYGLLRSKLVAASVPARDRVRGVLMVMVLLAGANCVLDPLVYYFSAEGFRNTLRGLGTPHRARTSATNGTRAALAQSERSAVTTDATRPDAASQGLLRPSDSHSLSSFTQCPQDSAL
121,LPAR6,MVSVNSSHCFYNDSFKYTLYGCMFSMVFVLGLISNCVAIYIFICVLKVRNETTTYMINLAMSDLLFVFTLPFRIFYFTTRNWPFGDLLCKISVMLFYTNMYGSILFLTCISVDRFLAIVYPFKSKTLRTKRNAKIVCTGVWLTVIGGSAPAVFVQSTHSQGNNASEACFENFPEATWKTYLSRIVIFIEIVGFFIPLILNVTCSSMVLKTLTKPVTLSRSKINKTKVLKMIFVHLIIFCFCFVPYNINLILYSLVRTQTFVNCSVVAAVRTMYPITLCIAVSNCCFDPIVYYFTSDTIQNSIKMKNWSVRRSDFRFSEVHGAENFIQHNLQTLKSKIFDNESAA
122,S1PR1,MGPTSVPLVKAHRSSVSDYVNYDIIVRHYNYTGKLNISADKENSIKLTSVVFILICCFIILENIFVLLTIWKTKKFHRPMYYFIGNLALSDLLAGVAYTANLLLSGATTYKLTPAQWFLREGSMFVALSASVFSLLAIAIERYITMLKMKLHNGSNNFRLFLLISACWVISLILGGLPIMGWNCISALSSCSTVLPLYHKHYILFCTTVFTLLLLSIVILYCRIYSLVRTRSRRLTFRKNISKASRSSEKSLALLKTVIIVLSVFIACWAPLFILLLLDVGCKVKTCDILFRAEYFLVLAVLNSGTNPIIYTLTNKEMRRAFIRIMSCCKCPSGDSAGKFKRPIIAGMEFSRSKSDNSSHPQKDEGDNPETIMSSGNVNSSS
123,S1PR2,MGSLYSEYLNPNKVQEHYNYTKETLETQETTSRQVASAFIVILCCAIVVENLLVLIAVARNSKFHSAMYLFLGNLAASDLLAGVAFVANTLLSGSVTLRLTPVQWFAREGSAFITLSASVFSLLAIAIERHVAIAKVKLYGSDKSCRMLLLIGASWLISLVLGGLPILGWNCLGHLEACSTVLPLYAKHYVLCVVTIFSIILLAIVALYVRIYCVVRSSHADMAAPQTLALLKTVTIVLGVFIVCWLPAFSILLLDYACPVHSCPILYKAHYFFAVSTLNSLLNPVIYTWRSRDLRREVLRPLQCWRPGVGVQGRRRGGTPGHHLLPLRSSSSLERGMHMPTSPTFLEGNTVV
124,S1PR3,MATALPPRLQPVRGNETLREHYQYVGKLAGRLKEASEGSTLTTVLFLVICSFIVLENLMVLIAIWKNNKFHNRMYFFIGNLALCDLLAGIAYKVNILMSGKKTFSLSPTVWFLREGSMFVALGASTCSLLAIAIERHLTMIKMRPYDANKRHRVFLLIGMCWLIAFTLGALPILGWNCLHNLPDCSTILPLYSKKYIAFCISIFTAILVTIVILYARIYFLVKSSSRKVANHNNSERSMALLRTVVIVVSVFIACWSPLFILFLIDVACRVQACPILFKAQWFIVLAVLNSAMNPVIYTLASKEMRRAFFRLVCNCLVRGRGARASPIQPALDPSRSKSSSSNNSSHSPKVKEDLPHTAPSSCIMDKNAALQNGIFCN
125,S1PR4,MNATGTPVAPESCQQLAAGGHSRLIVLHYNHSGRLAGRGGPEDGGLGALRGLSVAASCLVVLENLLVLAAITSHMRSRRWVYYCLVNITLSDLLTGAAYLANVLLSGARTFRLAPAQWFLREGLLFTALAASTFSLLFTAGERFATMVRPVAESGATKTSRVYGFIGLCWLLAALLGMLPLLGWNCLCAFDRCSSLLPLYSKRYILFCLVIFAGVLATIMGLYGAIFRLVQASGQKAPRPAARRKARRLLKTVLMILLAFLVCWGPLFGLLLADVFGSNLWAQEYLRGMDWILALAVLNSAVNPIIYSFRSREVCRAVLSFLCCGCLRLGMRGPGDCLARAVEAHSGASTTDSSLRPRDSFRGSRSLSFRMREPLSSISSVRSI
126,S1PR5,MESGLLRPAPVSEVIVLHYNYTGKLRGARYQPGAGLRADAVVCLAVCAFIVLENLAVLLVLGRHPRFHAPMFLLLGSLTLSDLLAGAAYAANILLSGPLTLKLSPALWFAREGGVFVALTASVLSLLAIALERSLTMARRGPAPVSSRGRTLAMAAAAWGVSLLLGLLPALGWNCLGRLDACSTVLPLYAKAYVLFCVLAFVGILAAICALYARIYCQVRANARRLPARPGTAGTTSTRARRKPRSLALLRTLSVVLLAFVACWGPLFLLLLLDVACPARTCPVLLQADPFLGLAMANSLLNPIIYTLTNRDLRHALLRLVCCGRHSCGRDPSGSQQSASAAEASGGLRRCLPPGLDGSFSGSERSSPQRDGLDTSGSTGSPGAPTAARTLVSEPAAD
127,CNR1,MKSILDGLADTTFRTITTDLLYVGSNDIQYEDIKGDMASKLGYFPQKFPLTSFRGSPFQEKMTAGDNPQLVPADQVNITEFYNKSLSSFKENEENIQCGENFMDIECFMVLNPSQQLAIAVLSLTLGTFTVLENLLVLCVILHSRSLRCRPSYHFIGSLAVADLLGSVIFVYSFIDFHVFHRKDSRNVFLFKLGGVTASFTASVGSLFLTAIDRYISIHRPLAYKRIVTRPKAVVAFCLMWTIAIVIAVLPLLGWNCEKLQSVCSDIFPHIDETYLMFWIGVTSVLLLFIVYAYMYILWKAHSHAVRMIQRGTQKSIIIHTSEDGKVQVTRPDQARMDIRLAKTLVLILVVLIICWGPLLAIMVYDVFGKMNKLIKTVFAFCSMLCLLNSTVNPIIYALRSKDLRHAFRSMFPSCEGTAQPLDNSMGDSDCLHKHANNAASVHRAAESCIKSTVKIAKVTMSVSTDTSAEAL
128,CNR2,MEECWVTEIANGSKDGLDSNPMKDYMILSGPQKTAVAVLCTLLGLLSALENVAVLYLILSSHQLRRKPSYLFIGSLAGADFLASVVFACSFVNFHVFHGVDSKAVFLLKIGSVTMTFTASVGSLLLTAIDRYLCLRYPPSYKALLTRGRALVTLGIMWVLSALVSYLPLMGWTCCPRPCSELFPLIPNDYLLSWLLFIAFLFSGIIYTYGHVLWKAHQHVASLSGHQDRQVPGMARMRLDVRLAKTLGLVLAVLLICWFPVLALMAHSLATTLSDQVKKAFAFCSMLCLINSMVNPVIYALRSGEIRSSAHHCLAHWKKCVRGLGSEAKEEAPRSSVTETEADGKITPWPDSRDLDLSDC
129,GPR18,MITLNNQDQPVPFNSSHPDEYKIAALVFYSCIFIIGLFVNITALWVFSCTTKKRTTVTIYMMNVALVDLIFIMTLPFRMFYYAKDEWPFGEYFCQILGALTVFYPSIALWLLAFISADRYMAIVQPKYAKELKNTCKAVLACVGVWIMTLTTTTPLLLLYKDPDKDSTPATCLKISDIIYLKAVNVLNLTRLTFFFLIPLFIMIGCYLVIIHNLLHGRTSKLKPKVKEKSIRIIITLLVQVLVCFMPFHICFAFLMLGTGENSYNPWGAFTTFLMNLSTCLDVILYYIVSKQFQARVISVMLYRNYLRSMRRKSFRSGSLRSLSNINSEML
130,GPR55,MSQQNTSGDCLFDGVNELMKTLQFAVHIPTFVLGLLLNLLAIHGFSTFLKNRWPDYAATSIYMINLAVFDLLLVLSLPFKMVLSQVQSPFPSLCTLVECLYFVSMYGSVFTICFISMDRFLAIRYPLLVSHLRSPRKIFGICCTIWVLVWTGSIPIYSFHGKVEKYMCFHNMSDDTWSAKVFFPLEVFGFLLPMGIMGFCCSRSIHILLGRRDHTQDWVQQKACIYSIAASLAVFVVSFLPVHLGFFLQFLVRNSFIVECRAKQSISFFLQLSMCFSNVNCCLDVFCYYFVIKEFRMNIRAHRPSRVQLVLQDTTISRG
131,GP119,MESSFSFGVILAVLASLIIATNTLVAVAVLLLIHKNDGVSLCFTLNLAVADTLIGVAISGLLTDQLSSPSRPTQKTLCSLRMAFVTSSAAASVLTVMLITFDRYLAIKQPFRYLKIMSGFVAGACIAGLWLVSYLIGFLPLGIPMFQQTAYKGQCSFFAVFHPHFVLTLSCVGFFPAMLLFVFFYCDMLKIASMHSQQIRKMEHAGAMAGGYRSPRTPSDFKALRTVSVLIGSFALSWTPFLITGIVQVACQECHLYLVLERYLWLLGVGNSLLNPLIYAYWQKEVRLQLYHMALGVKKVLTSFLLFLSARNCGPERPRESSCHIVTISSSEFDG
132,PTAFR,MEPHDSSHMDSEFRYTLFPIVYSIIFVLGVIANGYVLWVFARLYPCKKFNEIKIFMVNLTMADMLFLITLPLWIVYYQNQGNWILPKFLCNVAGCLFFINTYCSVAFLGVITYNRFQAVTRPIKTAQANTRKRGISLSLVIWVAIVGAASYFLILDSTNTVPDSAGSGNVTRCFEHYEKGSVPVLIIHIFIVFSFFLVFLIILFCNLVIIRTLLMQPVQQQRNAEVKRRALWMVCTVLAVFIICFVPHHVVQLPWTLAELGFQDSKFHQAINDAHQVTLCLLSTNCVLDPVIYCFLTKKFRKHLTEKFYSMRSSRKCSRATTDTVTEVVVPFNQIPGNSLKN
133,PD2R,MKSPFYRCQNTTSVEKGNSAVMGGVLFSTGLLGNLLALGLLARSGLGWCSRRPLRPLPSVFYMLVCGLTVTDLLGKCLLSPVVLAAYAQNRSLRVLAPALDNSLCQAFAFFMSFFGLSSTLQLLAMALECWLSLGHPFFYRRHITLRLGALVAPVVSAFSLAFCALPFMGFGKFVQYCPGTWCFIQMVHEEGSLSVLGYSVLYSSLMALLVLATVLCNLGAMRNLYAMHRRLQRHPRSCTRDCAEPRADGREASPQPLEELDHLLLLALMTVLFTMCSLPVIYRAYYGAFKDVKEKNRTSEEAEDLRALRFLSVISIVDPWIFIIFRSPVFRIFFHKIFIRPLRYRSRCSNSTNMESSL
134,PD2R2,MSANATLKPLCPILEQMSRLQSHSNTSIRYIDHAAVLLHGLASLLGLVENGVILFVVGCRMRQTVVTTWVLHLALSDLLASASLPFFTYFLAVGHSWELGTTFCKLHSSIFFLNMFASGFLLSAISLDRCLQVVRPVWAQNHRTVAAAHKVCLVLWALAVLNTVPYFVFRDTISRLDGRIMCYYNVLLLNPGPDRDATCNSRQVALAVSKFLLAFLVPLAIIASSHAAVSLRLQHRGRRRPGRFVRLVAAVVAAFALCWGPYHVFSLLEARAHANPGLRPLVWRGLPFVTSLAFFNSVANPVLYVLTCPDMLRKLRRSLRTVLESVLVDDSELGGAGSSRRRRTSSTARSASPLALCSRPEEPRGPARLLGWLLGSCAASPQTGPLNRALSSTSS
135,PE2R1,MSPCGPLNLSLAGEATTCAAPWVPNTSAVPPSGASPALPIFSMTLGAVSNLLALALLAQAAGRLRRRRSAATFLLFVASLLATDLAGHVIPGALVLRLYTAGRAPAGGACHFLGGCMVFFGLCPLLLGCGMAVERCVGVTRPLLHAARVSVARARLALAAVAAVALAVALLPLARVGRYELQYPGTWCFIGLGPPGGWRQALLAGLFASLGLVALLAALVCNTLSGLALLRARWRRRSRRPPPASGPDSRRRWGAHGPRSASASSASSIASASTFFGGSRSSGSARRARAHDVEMVGQLVGIMVVSCICWSPMLVLVALAVGGWSSTSLQRPLFLAVRLASWNQILDPWVYILLRQAVLRQLLRLLPPRAGAKGGPAGLGLTPSAWEASSLRSSRHSGLSHF
136,PE2R2,MGNASNDSQSEDCETRQWLPPGESPAISSVMFSAGVLGNLIALALLARRWRGDVGCSAGRRSSLSLFHVLVTELVFTDLLGTCLISPVVLASYARNQTLVALAPESRACTYFAFAMTFFSLATMLMLFAMALERYLSIGHPYFYQRRVSRSGGLAVLPVIYAVSLLFCSLPLLDYGQYVQYCPGTWCFIRHGRTAYLQLYATLLLLLIVSVLACNFSVILNLIRMHRRSRRSRCGPSLGSGRGGPGARRRGERVSMAEETDHLILLAIMTITFAVCSLPFTIFAYMNETSSRKEKWDLQALRFLSINSIIDPWVFAILRPPVLRLMRSVLCCRISLRTQDATQTSCSTQSDASKQADL
137,PE2R3,MKETRGYGGDAPFCTRLNHSYTGMWAPERSAEARGNLTRPPGSGEDCGSVSVAFPITMLLTGFVGNALAMLLVSRSYRRRESKRKKSFLLCIGWLALTDLVGQLLTTPVVIVVYLSKQRWEHIDPSGRLCTFFGLTMTVFGLSSLFIASAMAVERALAIRAPHWYASHMKTRATRAVLLGVWLAVLAFALLPVLGVGQYTVQWPGTWCFISTGRGGNGTSSSHNWGNLFFASAFAFLGLLALTVTFSCNLATIKALVSRCRAKATASQSSAQWGRITTETAIQLMGIMCVLSVCWSPLLIMMLKMIFNQTSVEHCKTHTEKQKECNFFLIAVRLASLNQILDPWVYLLLRKILLRKFCQIRYHTNNYASSSTSLPCQCSSTLMWSDHLER
138,PE2R4,MSTPGVNSSASLSPDRLNSPVTIPAVMFIFGVVGNLVAIVVLCKSRKEQKETTFYTLVCGLAVTDLLGTLLVSPVTIATYMKGQWPGGQPLCEYSTFILLFFSLSGLSIICAMSVERYLAINHAYFYSHYVDKRLAGLTLFAVYASNVLFCALPNMGLGSSRLQYPDTWCFIDWTTNVTAHAAYSYMYAGFSSFLILATVLCNVLVCGALLRMHRQFMRRTSLGTEQHHAAAAASVASRGHPAASPALPRLSDFRRRRSFRRIAGAEIQMVILLIATSLVVLICSIPLVVRVFVNQLYQPSLEREVSKNPDLQAIRIASVNPILDPWIYILLRKTVLSKAIEKIKCLFCRIGGSRRERSGQHCSDSQRTSSAMSGHSRSFISRELKEISSTSQTLLPDLSLPDLSENGLGGRNLLPGVPGMGLAQEDTTSLRTLRISETSDSSQGQDSESVLLVDEAGGSGRAGPAPKGSSLQVTFPSETLNLSEKCI
139,PF2R,MSMNNSKQLVSPAAALLSNTTCQTENRLSVFFSVIFMTVGILSNSLAIAILMKAYQRFRQKSKASFLLLASGLVITDFFGHLINGAIAVFVYASDKEWIRFDQSNVLCSIFGICMVFSGLCPLLLGSVMAIERCIGVTKPIFHSTKITSKHVKMMLSGVCLFAVFIALLPILGHRDYKIQASRTWCFYNTEDIKDWEDRFYLLLFSFLGLLALGVSLLCNAITGITLLRVKFKSQQHRQGRSHHLEMVIQLLAIMCVSCICWSPFLVTMANIGINGNHSLETCETTLFALRMATWNQILDPWVYILLRKAVLKNLYKLASQCCGVHVISLHIWELSSIKNSLKVAAISESPVAEKSAST
140,PI2R,MADSCRNLTYVRGSVGPATSTLMFVAGVVGNGLALGILSARRPARPSAFAVLVTGLAATDLLGTSFLSPAVFVAYARNSSLLGLARGGPALCDAFAFAMTFFGLASMLILFAMAVERCLALSHPYLYAQLDGPRCARLALPAIYAFCVLFCALPLLGLGQHQQYCPGSWCFLRMRWAQPGGAAFSLAYAGLVALLVAAIFLCNGSVTLSLCRMYRQQKRHQGSLGPRPRTGEDEVDHLILLALMTVVMAVCSLPLTIRCFTQAVAPDSSSEMGDLLAFRFYAFNPILDPWVFILFRKAVFQRLKLWVCCLCLGPAHGDSQTPLSQLASGRRDPRAPSAPVGKEGSCVPLSAWGEGQVEPLPPTQQSSGSAVGTSSKAEASVACSLC
141,TA2R,MWPNGSSLGPCFRPTNITLEERRLIASPWFAASFCVVGLASNLLALSVLAGARQGGSHTRSSFLTFLCGLVLTDFLGLLVTGTIVVSQHAALFEWHAVDPGCRLCRFMGVVMIFFGLSPLLLGAAMASERYLGITRPFSRPAVASQRRAWATVGLVWAAALALGLLPLLGVGRYTVQYPGSWCFLTLGAESGDVAFGLLFSMLGGLSVGLSFLLNTVSVATLCHVYHGQEAAQQRPRDSEVEMMAQLLGIMVVASVCWLPLLVFIAQTVLRNPPAMSPAGQLSRTTEKELLIYLRVATWNQILDPWVYILFRRAVLRRLQPRLSTRPRSLSLQPQLTQRSGLQ
142,MTR1A,MQGNGSALPNASQPVLRGDGARPSWLASALACVLIFTIVVDILGNLLVILSVYRNKKLRNAGNIFVVSLAVADLVVAIYPYPLVLMSIFNNGWNLGYLHCQVSGFLMGLSVIGSIFNITGIAINRYCYICHSLKYDKLYSSKNSLCYVLLIWLLTLAAVLPNLRAGTLQYDPRIYSCTFAQSVSSAYTIAVVVFHFLVPMIIVIFCYLRIWILVLQVRQRVKPDRKPKLKPQDFRNFVTMFVVFVLFAICWAPLNFIGLAVASDPASMVPRIPEWLFVASYYMAYFNSCLNAIIYGLLNQNFRKEYRRIIVSLCTARVFFVDSSNDVADRVKWKPSPLMTNNNVVKVDSV
143,MTR1B,MSENGSFANCCEAGGWAVRPGWSGAGSARPSRTPRPPWVAPALSAVLIVTTAVDVVGNLLVILSVLRNRKLRNAGNLFLVSLALADLVVAFYPYPLILVAIFYDGWALGEEHCKASAFVMGLSVIGSVFNITAIAINRYCYICHSMAYHRIYRRWHTPLHICLIWLLTVVALLPNFFVGSLEYDPRIYSCTFIQTASTQYTAAVVVIHFLLPIAVVSFCYLRIWVLVLQARRKAKPESRLCLKPSDLRSFLTMFVVFVIFAICWAPLNCIGLAVAINPQEMAPQIPEGLFVTSYLLAYFNSCLNAIVYGLLNQNFRREYKRILLALWNPRHCIQDASKGSHAEGLQSPAPPIIGVQHQADAL
144,AA1R,MPPSISAFQAAYIGIEVLIALVSVPGNVLVIWAVKVNQALRDATFCFIVSLAVADVAVGALVIPLAILINIGPQTYFHTCLMVACPVLILTQSSILALLAIAVDRYLRVKIPLRYKMVVTPRRAAVAIAGCWILSFVVGLTPMFGWNNLSAVERAWAANGSMGEPVIKCEFEKVISMEYMVYFNFFVWVLPPLLLMVLIYLEVFYLIRKQLNKKVSASSGDPQKYYGKELKIAKSLALILFLFALSWLPLHILNCITLFCPSCHKPSILTYIAIFLTHGNSAMNPIVYAFRIQKFRVTFLKIWNDHFRCQPAPPIDEDLPEERPDD
145,AA2AR,MPIMGSSVYITVELAIAVLAILGNVLVCWAVWLNSNLQNVTNYFVVSLAAADIAVGVLAIPFAITISTGFCAACHGCLFIACFVLVLTQSSIFSLLAIAIDRYIAIRIPLRYNGLVTGTRAKGIIAICWVLSFAIGLTPMLGWNNCGQPKEGKNHSQGCGEGQVACLFEDVVPMNYMVYFNFFACVLVPLLLMLGVYLRIFLAARRQLKQMESQPLPGERARSTLQKEVHAAKSLAIIVGLFALCWLPLHIINCFTFFCPDCSHAPLWLMYLAIVLSHTNSVVNPFIYAYRIREFRQTFRKIIRSHVLRQQEPFKAAGTSARVLAAHGSDGEQVSLRLNGHPPGVWANGSAPHPERRPNGYALGLVSGGSAQESQGNTGLPDVELLSHELKGVCPEPPGLDDPLAQDGAGVS
146,AA2BR,MLLETQDALYVALELVIAALSVAGNVLVCAAVGTANTLQTPTNYFLVSLAAADVAVGLFAIPFAITISLGFCTDFYGCLFLACFVLVLTQSSIFSLLAVAVDRYLAICVPLRYKSLVTGTRARGVIAVLWVLAFGIGLTPFLGWNSKDSATNNCTEPWDGTTNESCCLVKCLFENVVPMSYMVYFNFFGCVLPPLLIMLVIYIKIFLVACRQLQRTELMDHSRTTLQREIHAAKSLAMIVGIFALCWLPVHAVNCVTLFQPAQGKNKPKWAMNMAILLSHANSVVNPIVYAYRNRDFRYTFHKIISRYLLCQADVKSGNGQAGVQPALGVGL
147,AA3R,MPNNSTALSLANVTYITMEIFIGLCAIVGNVLVICVVKLNPSLQTTTFYFIVSLALADIAVGVLVMPLAIVVSLGITIHFYSCLFMTCLLLIFTHASIMSLLAIAVDRYLRVKLTVRYKRVTTHRRIWLALGLCWLVSFLVGLTPMFGWNMKLTSEYHRNVTFLSCQFVSVMRMDYMVYFSFLTWIFIPLVVMCAIYLDIFYIIRNKLSLNLSNSKETGAFYGREFKTAKSLFLVLFLFALSWLPLSIINCIIYFNGEVPQLVLYMGILLSHANSMMNPIVYAYKIKKFKETYLLILKACVVCHPSDSLDTSIEKNSE
148,P2RY1,MTEVLWPAVPNGTDAAFLAGPGSSWGNSTVASTAAVSSSFKCALTKTGFQFYYLPAVYILVFIIGFLGNSVAIWMFVFHMKPWSGISVYMFNLALADFLYVLTLPALIFYYFNKTDWIFGDAMCKLQRFIFHVNLYGSILFLTCISAHRYSGVVYPLKSLGRLKKKNAICISVLVWLIVVVAISPILFYSGTGVRKNKTITCYDTTSDEYLRSYFIYSMCTTVAMFCVPLVLILGCYGLIVRALIYKDLDNSPLRRKSIYLVIIVLTVFAVSYIPFHVMKTMNLRARLDFQTPAMCAFNDRVYATYQVTRGLASLNSCVDPILYFLAGDTFRRRLSRATRKASRRSEANLQSKSEDMTLNILPEFKQNGDTSL
149,P2RY2,MAADLGPWNDTINGTWDGDELGYRCRFNEDFKYVLLPVSYGVVCVPGLCLNAVALYIFLCRLKTWNASTTYMFHLAVSDALYAASLPLLVYYYARGDHWPFSTVLCKLVRFLFYTNLYCSILFLTCISVHRCLGVLRPLRSLRWGRARYARRVAGAVWVLVLACQAPVLYFVTTSARGGRVTCHDTSAPELFSRFVAYSSVMLGLLFAVPFAVILVCYVLMARRLLKPAYGTSGGLPRAKRKSVRTIAVVLAVFALCFLPFHVTRTLYYSFRSLDLSCHTLNAINMAYKVTRPLASANSCLDPVLYFLAGQRLVRFARDAKPPTGPSPATPARRRLGLRRSDRTDMQRIEDVLGSSEDSRRTESTPAGSENTKDIRL
150,P2RY4,MASTESSLLRSLGLSPGPGSSEVELDCWFDEDFKFILLPVSYAVVFVLGLGLNAPTLWLFIFRLRPWDATATYMFHLALSDTLYVLSLPTLIYYYAAHNHWPFGTEICKFVRFLFYWNLYCSVLFLTCISVHRYLGICHPLRALRWGRPRLAGLLCLAVWLVVAGCLVPNLFFVTTSNKGTTVLCHDTTRPEEFDHYVHFSSAVMGLLFGVPCLVTLVCYGLMARRLYQPLPGSAQSSSRLRSLRTIAVVLTVFAVCFVPFHITRTIYYLARLLEADCRVLNIVNVVYKVTRPLASANSCLDPVLYLLTGDKYRRQLRQLCGGGKPQPRTAASSLALVSLPEDSSCRWAATPQDSSCSTPRADRL
151,P2RY6,MEWDNGTGQALGLPPTTCVYRENFKQLLLPPVYSAVLAAGLPLNICVITQICTSRRALTRTAVYTLNLALADLLYACSLPLLIYNYAQGDHWPFGDFACRLVRFLFYANLHGSILFLTCISFQRYLGICHPLAPWHKRGGRRAAWLVCVAVWLAVTTQCLPTAIFAATGIQRNRTVCYDLSPPALATHYMPYGMALTVIGFLLPFAALLACYCLLACRLCRQDGPAEPVAQERRGKAARMAVVVAAAFAISFLPFHITKTAYLAVRSTPGVPCTVLEAFAAAYKGTRPFASANSVLDPILFYFTQKKFRRRPHELLQKLTAKWQRQGR
152,P2Y11,MAANVSGAKSCPANFLAAADDKLSGFQGDFLWPILVVEFLVAVASNGLALYRFSIRKQRPWHPAVVFSVQLAVSDLLCALTLPPLAAYLYPPKHWRYGEAACRLERFLFTCNLLGSVIFITCISLNRYLGIVHPFFARSHLRPKHAWAVSAAGWVLAALLAMPTLSFSHLKRPQQGAGNCSVARPEACIKCLGTADHGLAAYRAYSLVLAGLGCGLPLLLTLAAYGALGRAVLRSPGMTVAEKLRVAALVASGVALYASSYVPYHIMRVLNVDARRRWSTRCPSFADIAQATAALELGPYVGYQVMRGLMPLAFCVHPLLYMAAVPSLGCCCRHCPGYRDSWNPEDAKSTGQALPLNATAAPKPSEPQSRELSQ
153,P2Y12,MQAVDNLTSAPGNTSLCTRDYKITQVLFPLLYTVLFFVGLITNGLAMRIFFQIRSKSNFIIFLKNTVISDLLMILTFPFKILSDAKLGTGPLRTFVCQVTSVIFYFTMYISISFLGLITIDRYQKTTRPFKTSNPKNLLGAKILSVVIWAFMFLLSLPNMILTNRQPRDKNVKKCSFLKSEFGLVWHEIVNYICQVIFWINFLIVIVCYTLITKELYRSYVRTRGVGKVPRKKVNVKVFIIIAVFFICFVPFHFARIPYTLSQTRDVFDCTAENTLFYVKESTLWLTSLNACLDPFIYFFLCKSFRNSLISMLKCPNSATSLSQDNRKKEQDGGDPNEETPM
154,P2Y13,MTAAIRRQRELSILPKVTLEAMNTTVMQGFNRSERCPRDTRIVQLVFPALYTVVFLTGILLNTLALWVFVHIPSSSTFIIYLKNTLVADLIMTLMLPFKILSDSHLAPWQLRAFVCRFSSVIFYETMYVGIVLLGLIAFDRFLKIIRPLRNIFLKKPVFAKTVSIFIWFFLFFISLPNTILSNKEATPSSVKKCASLKGPLGLKWHQMVNNICQFIFWTVFILMLVFYVVIAKKVYDSYRKSKSKDRKNNKKLEGKVFVVVAVFFVCFAPFHFARVPYTHSQTNNKTDCRLQNQLFIAKETTLFLAATNICMDPLIYIFLCKKFTEKLPCMQGRKTTASSQENHSSQTDNITLG
155,P2Y14,MINSTSTQPPDESCSQNLLITQQIIPVLYCMVFIAGILLNGVSGWIFFYVPSSKSFIIYLKNIVIADFVMSLTFPFKILGDSGLGPWQLNVFVCRVSAVLFYVNMYVSIVFFGLISFDRYYKIVKPLWTSFIQSVSYSKLLSVIVWMLMLLLAVPNIILTNQSVREVTQIKCIELKSELGRKWHKASNYIFVAIFWIVFLLLIVFYTAITKKIFKSHLKSSRNSTSVKKKSSRNIFSIVFVFFVCFVPYHIARIPYTKSQTEAHYSCQSKEILRYMKEFTLLLSAANVCLDPIIYFFLCQPFREILCKKLHIPLKAQNDLDISRIKRGNTTLESTDTL
156,GPBAR,MTPNSTGEVPSPIPKGALGLSLALASLIITANLLLALGIAWDRRLRSPPAGCFFLSLLLAGLLTGLALPTLPGLWNQSRRGYWSCLLVYLAPNFSFLSLLANLLLVHGERYMAVLRPLQPPGSIRLALLLTWAGPLLFASLPALGWNHWTPGANCSSQAIFPAPYLYLEVYGLLLPAVGAAAFLSVRVLATAHRQLQDICRLERAVCRDEPSALARALTWRQARAQAGAMLLFGLCWGPYVATLLLSVLAYEQRPPLGPGTLLSLLSLGSASAAAVPVAMGLGDQRYTAPWRAAAQRCLQGLWGRASRDSPGPSIAYHPSSQSSVDLDLN
157,GPER1,MDVTSQARGVGLEMYPGTAQPAAPNTTSPELNLSHPLLGTALANGTGELSEHQQYVIGLFLSCLYTIFLFPIGFVGNILILVVNISFREKMTIPDLYFINLAVADLILVADSLIEVFNLHERYYDIAVLCTFMSLFLQVNMYSSVFFLTWMSFDRYIALARAMRCSLFRTKHHARLSCGLIWMASVSATLVPFTAVHLQHTDEACFCFADVREVQWLEVTLGFIVPFAIIGLCYSLIVRVLVRAHRHRGLRPRRQKALRMILAVVLVFFVCWLPENVFISVHLLQRTQPGAAPCKQSFRHAHPLTGHIVNLAAFSNSCLNPLIYSFLGETFRDKLRLYIEQKTNLPALNRFCHAALKAVIPDSTEQSDVRFSSAV
158,HCAR1,MYNGSCCRIEGDTISQVMPPLLIVAFVLGALGNGVALCGFCFHMKTWKPSTVYLFNLAVADFLLMICLPFRTDYYLRRRHWAFGDIPCRVGLFTLAMNRAGSIVFLTVVAADRYFKVVHPHHAVNTISTRVAAGIVCTLWALVILGTVYLLLENHLCVQETAVSCESFIMESANGWHDIMFQLEFFMPLGIILFCSFKIVWSLRRRQQLARQARMKKATRFIMVVAIVFITCYLPSVSARLYFLWTVPSSACDPSVHGALHITLSFTYMNSMLDPLVYYFSSPSFPKFYNKLKICSLKPKQPGHSKTQRPEEMPISNLGRRSCISVANSFQSQSDGQWDPHIVEWH
159,HCAR2,MNRHHLQDHFLEIDKKNCCVFRDDFIVKVLPPVLGLEFIFGLLGNGLALWIFCFHLKSWKSSRIFLFNLAVADFLLIICLPFLMDNYVRRWDWKFGDIPCRLMLFMLAMNRQGSIIFLTVVAVDRYFRVVHPHHALNKISNRTAAIISCLLWGITIGLTVHLLKKKMPIQNGGANLCSSFSICHTFQWHEAMFLLEFFLPLGIILFCSARIIWSLRQRQMDRHAKIKRAITFIMVVAIVFVICFLPSVVVRIRIFWLLHTSGTQNCEVYRSVDLAFFITLSFTYMNSMLDPVVYYFSSPSFPNFFSTLINRCLQRKMTGEPDNNRSTSVELTGDPNKTRGAPEALMANSGEPWSPSYLGPTSP
160,HCAR3,MNRHHLQDHFLEIDKKNCCVFRDDFIAKVLPPVLGLEFIFGLLGNGLALWIFCFHLKSWKSSRIFLFNLAVADFLLIICLPFVMDYYVRRSDWKFGDIPCRLVLFMFAMNRQGSIIFLTVVAVDRYFRVVHPHHALNKISNWTAAIISCLLWGITVGLTVHLLKKKLLIQNGTANVCISFSICHTFRWHEAMFLLEFFLPLGIILFCSARIIWSLRQRQMDRHAKIKRAITFIMVVAIVFVICFLPSVVVRIHIFWLLHTSGTQNCEVYRSVDLAFFITLSFTYMNSMLDPVVYYFSSPSFPNFFSTLINRCLQRKITGEPDNNRSTSVELTGDPNKTRGAPEALIANSGEPWSPSYLGPTSNNHSKKGHCHQEPASLEKQLGCCIE
161,OXGR1,MNEPLDYLANASDFPDYAAAFGNCTDENIPLKMHYLPVIYGIIFLVGFPGNAVVISTYIFKMRPWKSSTIIMLNLACTDLLYLTSLPFLIHYYASGENWIFGDFMCKFIRFSFHFNLYSSILFLTCFSIFRYCVIIHPMSCFSIHKTRCAVVACAVVWIISLVAVIPMTFLITSTNRTNRSACLDLTSSDELNTIKWYNLILTATTFCLPLVIVTLCYTTIIHTLTHGLQTDSCLKQKARRLTILLLLAFYVCFLPFHILRVIRIESRLLSISCSIENQIHEAYIVSRPLAALNTFGNLLLYVVVSDNFQQAVCSTVRCKVSGNLEQAKKISYSNNP
162,SUCR1,MLGIMAWNATCKNWLAAEAALEKYYLSIFYGIEFVVGVLGNTIVVYGYIFSLKNWNSSNIYLFNLSVSDLAFLCTLPMLIRSYANGNWIYGDVLCISNRYVLHANLYTSILFLTFISIDRYLIIKYPFREHLLQKKEFAILISLAIWVLVTLELLPILPLINPVITDNGTTCNDFASSGDPNYNLIYSMCLTLLGFLIPLFVMCFFYYKIALFLKQRNRQVATALPLEKPLNLVIMAVVIFSVLFTPYHVMRNVRIASRLGSWKQYQCTQVVINSFYIVTRPLAFLNSVINPVFYFLLGDHFRDMLMNQLRHNFKSLTSFSRWAHELLLSFREK
163,OPSD,MNGTEGPNFYVPFSNATGVVRSPFEYPQYYLAEPWQFSMLAAYMFLLIVLGFPINFLTLYVTVQHKKLRTPLNYILLNLAVADLFMVLGGFTSTLYTSLHGYFVFGPTGCNLEGFFATLGGEIALWSLVVLAIERYVVVCKPMSNFRFGENHAIMGVAFTWVMALACAAPPLAGWSRYIPEGLQCSCGIDYYTLKPEVNNESFVIYMFVVHFTIPMIIIFFCYGQLVFTVKEAAAQQQESATTQKAEKEVTRMVIIMVIAFLICWVPYASVAFYIFTHQGSNFGPIFMTIPAFFAKSAAIYNPVIYIMMNKQFRNCMLTTICCGKNPLGDDEASATVSKTETSQVAPA
164,OPN3,MYSGNRSGGHGYWDGGGAAGAEGPAPAGTLSPAPLFSPGTYERLALLLGSIGLLGVGNNLLVLVLYYKFQRLRTPTHLLLVNISLSDLLVSLFGVTFTFVSCLRNGWVWDTVGCVWDGFSGSLFGIVSIATLTVLAYERYIRVVHARVINFSWAWRAITYIWLYSLAWAGAPLLGWNRYILDVHGLGCTVDWKSKDANDSSFVLFLFLGCLVVPLGVIAHCYGHILYSIRMLRCVEDLQTIQVIKILKYEKKLAKMCFLMIFTFLVCWMPYIVICFLVVNGHGHLVTPTISIVSYLFAKSNTVYNPVIYVFMIRKFRRSLLQLLCLRLLRCQRPAKDLPAAGSEMQIRPIVMSQKDGDRPKKKVTFNSSSIIFIITSDESLSVDDSDKTNGSKVDVIQVRPL
165,OPN4,MNPPSGPRVPPSPTQEPSCMATPAPPSWWDSSQSSISSLGRLPSISPTAPGTWAAAWVPLPTVDVPDHAHYTLGTVILLVGLTGMLGNLTVIYTFCRSRSLRTPANMFIINLAVSDFLMSFTQAPVFFTSSLYKQWLFGETGCEFYAFCGALFGISSMITLTAIALDRYLVITRPLATFGVASKRRAAFVLLGVWLYALAWSLPPFFGWSAYVPEGLLTSCSWDYMSFTPAVRAYTMLLCCFVFFLPLLIIIYCYIFIFRAIRETGRALQTFGACKGNGESLWQRQRLQSECKMAKIMLLVILLFVLSWAPYSAVALVAFAGYAHVLTPYMSSVPAVIAKASAIHNPIIYAITHPKYRVAIAQHLPCLGVLLGVSRRHSRPYPSYRSTHRSTLTSHTSNLSWISIRRRQESLGSESEVGWTHMEAAAVWGAAQQANGRSLYGQGLEDLEAKAPPRPQGHEAETPGKTKGLIPSQDPRM
166,OPN5,MALNHTALPQDERLPHYLRDGDPFASKLSWEADLVAGFYLTIIGILSTFGNGYVLYMSSRRKKKLRPAEIMTINLAVCDLGISVVGKPFTIISCFCHRWVFGWIGCRWYGWAGFFFGCGSLITMTAVSLDRYLKICYLSYGVWLKRKHAYICLAAIWAYASFWTTMPLVGLGDYVPEPFGTSCTLDWWLAQASVGGQVFILNILFFCLLLPTAVIVFSYVKIIAKVKSSSKEVAHFDSRIHSSHVLEMKLTKVAMLICAGFLIAWIPYAVVSVWSAFGRPDSIPIQLSVVPTLLAKSAAMYNPIIYQVIDYKFACCQTGGLKATKKKSLEGFRLHTVTTVRKSSAVLEIHEEWE
167,OPSB,MSEEEFYLFKNISSVGPWDGPQYHIAPVWAFYLQAAFMGTVFLIGFPLNAMVLVATLRYKKLRQPLNYILVNVSFGGFLLCIFSVFPVFVASCNGYFVFGRHVCALEGFLGTVAGLVTGWSLAFLAFERYIVICKPFGNFRFSSKHALTVVLATWTIGIGVSIPPFFGWSRFIPEGLQCSCGPDWYTVGTKYRSESYTWFLFIFCFIVPLSLICFSYTQLLRALKAVAAQQQESATTQKAEREVSRMVVVMVGSFCVCYVPYAAFAMYMVNNRNHGLDLRLVTIPSFFSKSACIYNPIIYCFMNKQFQACIMKMVCGKAMTDESDTCSSQKTEVSTVSSTQVGPN
168,OPSG,MAQQWSLQRLAGRHPQDSYEDSTQSSIFTYTNSNSTRGPFEGPNYHIAPRWVYHLTSVWMIFVVIASVFTNGLVLAATMKFKKLRHPLNWILVNLAVADLAETVIASTISVVNQVYGYFVLGHPMCVLEGYTVSLCGITGLWSLAIISWERWMVVCKPFGNVRFDAKLAIVGIAFSWIWAAVWTAPPIFGWSRYWPHGLKTSCGPDVFSGSSYPGVQSYMIVLMVTCCITPLSIIVLCYLQVWLAIRAVAKQQKESESTQKAEKEVTRMVVVMVLAFCFCWGPYAFFACFAAANPGYPFHPLMAALPAFFAKSATIYNPVIYVFMNRQFRNCILQLFGKKVDDGSELSSASKTEVSSVSSVSPA
169,OPSR,MAQQWSLQRLAGRHPQDSYEDSTQSSIFTYTNSNSTRGPFEGPNYHIAPRWVYHLTSVWMIFVVTASVFTNGLVLAATMKFKKLRHPLNWILVNLAVADLAETVIASTISIVNQVSGYFVLGHPMCVLEGYTVSLCGITGLWSLAIISWERWMVVCKPFGNVRFDAKLAIVGIAFSWIWAAVWTAPPIFGWSRYWPHGLKTSCGPDVFSGSSYPGVQSYMIVLMVTCCIIPLAIIMLCYLQVWLAIRAVAKQQKESESTQKAEKEVTRMVVVMIFAYCVCWGPYTFFACFAAANPGYAFHPLMAALPAYFAKSATIYNPVIYVFMNRQFRNCILQLFGKKVDDGSELSSASKTEVSSVSSVSPA
